date,distances,pph,reports,type
200203010000,20.986270232848437,1.0,1,Hail
200203020000,28.54332070549747,1.0,0,Thunderstorm Wind
200203070000,8.89858711444769,1.0,1,Thunderstorm Wind
200203100000,12.764093990630064,7.0,1,Thunderstorm Wind
200203140000,19.529429865068437,1.0,1,Hail
200203180000,27.570337915322302,1.0,0,Thunderstorm Wind
200203200000,10.063594357315502,1.0,1,Tornado
200203240000,1342.4026175549504,1.2086809693474718,0,Tornado
200203250000,19.592896375886458,1.0,1,Thunderstorm Wind
200203310000,24.201343376227957,1.0,1,Tornado
200204030000,20.63588260257259,1.0,1,Tornado
200204130000,20.652648176346556,1.0,1,Tornado
200204150000,13.692824934606747,0.0,1,Thunderstorm Wind
200203010000,20.986270232848437,1.0,1,Hail
200203020000,28.54332070549747,1.0,0,Thunderstorm Wind
200203070000,8.89858711444769,1.0,1,Thunderstorm Wind
200203100000,12.764093990630064,7.0,1,Thunderstorm Wind
200203140000,19.529429865068437,1.0,1,Hail
200203180000,27.570337915322302,1.0,0,Thunderstorm Wind
200203200000,10.063594357315502,1.0,1,Tornado
200203240000,1342.4026175549504,1.2086809693474718,0,Tornado
200203250000,19.592896375886458,1.0,1,Thunderstorm Wind
200203310000,24.201343376227957,1.0,1,Tornado
200204030000,20.63588260257259,1.0,1,Tornado
200204130000,20.652648176346556,1.0,1,Tornado
200203010000,20.986270232848437,1.0,1,Hail
200203020000,28.54332070549747,1.0,0,Thunderstorm Wind
200203070000,8.89858711444769,1.0,1,Thunderstorm Wind
200203100000,12.764093990630064,7.0,1,Thunderstorm Wind
200203140000,19.529429865068437,1.0,1,Hail
200203180000,27.570337915322302,1.0,0,Thunderstorm Wind
200203200000,10.063594357315502,1.0,1,Tornado
200203240000,1342.4026175549504,1.2086809693474718,0,Tornado
200203250000,19.592896375886458,1.0,1,Thunderstorm Wind
200203310000,24.201343376227957,1.0,1,Tornado
200204030000,20.63588260257259,1.0,1,Tornado
200204130000,20.652648176346556,1.0,1,Tornado
200204150000,13.692824934606747,0.0,1,Thunderstorm Wind
200204200000,19.31353616266552,1.0,1,Tornado
200204220000,10.461611468199893,1.0,1,Thunderstorm Wind
200205140000,28.85522649812518,1.0,0,Tornado
200205140000,10.137238012407778,1.0,1,Hail
200205190000,29.71620409393653,1.0,0,Hail
200205200000,14.703803164201384,1.0000000000000002,1,Tornado
200205210000,6.539479656837495,1.0000000000000002,1,Hail
200206010000,22.016024242812172,1.0,1,Tornado
200206130000,27.198137936250856,1.0,0,Tornado
200206170000,16.823630408160213,1.0,1,Tornado
200206200000,20.187777939386397,1.0,1,Tornado
200206270000,12.631239169724484,1.0,1,Tornado
200207070000,18.60455810236764,1.0000000000000002,1,Tornado
200207110000,17.85162018489966,1.0,1,Tornado
200207110000,26.437577753936353,0.9999999999999999,0,Hail
200207120000,13.548532094800507,1.0,1,Tornado
200207140000,11.564372751827277,1.0,1,Tornado
200207150000,23.62178836040312,1.0,1,Tornado
200207180000,9.303822633620099,1.0,1,Tornado
200207200000,25.109310961045345,1.0,0,Tornado
200208060000,23.662445407572978,1.0,1,Tornado
200208070000,22.404253442370308,1.0,1,Hail
200208160000,26.25900407074423,1.0,0,Tornado
200208300000,19.88443071599883,1.0,1,Tornado
200209040000,23.13437188890574,1.0,1,Hail
200209090000,27.282609652220305,1.0000000000000002,0,Tornado
200209100000,27.174752779493332,1.0,0,Tornado
200209110000,23.173998724294638,1.0,1,Tornado
200203010000,20.986270232848437,1.0,1,Hail
200203020000,28.54332070549747,1.0,0,Thunderstorm Wind
200203070000,8.89858711444769,1.0,1,Thunderstorm Wind
200203100000,12.764093990630064,7.0,1,Thunderstorm Wind
200203140000,19.529429865068437,1.0,1,Hail
200203180000,27.570337915322302,1.0,0,Thunderstorm Wind
200203200000,10.063594357315502,1.0,1,Tornado
200203240000,1342.4026175549504,1.2086809693474718,0,Tornado
200203250000,19.592896375886458,1.0,1,Thunderstorm Wind
200203310000,24.201343376227957,1.0,1,Tornado
200204030000,20.63588260257259,1.0,1,Tornado
200204130000,20.652648176346556,1.0,1,Tornado
200204150000,13.692824934606747,0.0,1,Thunderstorm Wind
200204200000,19.31353616266552,1.0,1,Tornado
200204220000,10.461611468199893,1.0,1,Thunderstorm Wind
200205140000,28.85522649812518,1.0,0,Tornado
200205140000,10.137238012407778,1.0,1,Hail
200205190000,29.71620409393653,1.0,0,Hail
200205200000,14.703803164201384,1.0000000000000002,1,Tornado
200205210000,6.539479656837495,1.0000000000000002,1,Hail
200206010000,22.016024242812172,1.0,1,Tornado
200206130000,27.198137936250856,1.0,0,Tornado
200206170000,16.823630408160213,1.0,1,Tornado
200206200000,20.187777939386397,1.0,1,Tornado
200206270000,12.631239169724484,1.0,1,Tornado
200207070000,18.60455810236764,1.0000000000000002,1,Tornado
200207110000,17.85162018489966,1.0,1,Tornado
200207110000,26.437577753936353,0.9999999999999999,0,Hail
200207120000,13.548532094800507,1.0,1,Tornado
200207140000,11.564372751827277,1.0,1,Tornado
200207150000,23.62178836040312,1.0,1,Tornado
200207180000,9.303822633620099,1.0,1,Tornado
200207200000,25.109310961045345,1.0,0,Tornado
200208060000,23.662445407572978,1.0,1,Tornado
200208070000,22.404253442370308,1.0,1,Hail
200208160000,26.25900407074423,1.0,0,Tornado
200208300000,19.88443071599883,1.0,1,Tornado
200209040000,23.13437188890574,1.0,1,Hail
200209090000,27.282609652220305,1.0000000000000002,0,Tornado
200209100000,27.174752779493332,1.0,0,Tornado
200209110000,23.173998724294638,1.0,1,Tornado
200209150000,10.122506347658815,1.0,1,Tornado
200209220000,12.551171528791839,1.0,1,Tornado
200209250000,12.252889162978105,1.0,1,Hail
200209290000,29.45519365512846,1.0,0,Tornado
200210070000,15.17538445873435,1.0,1,Hail
200210080000,5.173927276634122,1.0,1,Hail
200210090000,9.961084830952636,1.0,1,Tornado
200210100000,26.932959524833255,1.0,0,Thunderstorm Wind
200210120000,21.224321702427,1.0,1,Tornado
200210120000,20.325081792319104,0.0,1,Thunderstorm Wind
200210130000,19.999841660546025,1.0,1,Thunderstorm Wind
200210140000,4.093421218229683,1.0,1,Tornado
200210170000,22.615689820441126,1.0,1,Hail
200210190000,31.253173711404465,1.0,0,Hail
200210200000,6.179689618624372,1.0,1,Tornado
200210210000,17.671391362999227,1.0,1,Tornado
200210210000,16.469176549357535,1.0,1,Thunderstorm Wind
200210220000,6.261130414222125,1.0,1,Thunderstorm Wind
200210230000,15.507999156725909,1.0,1,Hail
200210230000,15.343633881956725,1.0,1,Thunderstorm Wind
200210250000,18.807909761827077,1.0,1,Tornado
200210260000,6.2306058027609845,1.0,1,Hail
200210270000,16.978421961969904,1.0,1,Thunderstorm Wind
200210280000,21.956136457776992,1.0,1,Hail
200210280000,12.17765435152816,1.0,1,Thunderstorm Wind
200211110000,26.78251731981166,1.0,0,Tornado
200211290000,6.967809841239923,1.0,1,Hail
200212130000,19.03497891435383,1.0,1,Tornado
200212190000,15.637773777735834,1.0,1,Hail
200212220000,16.076095917722093,1.0,1,Hail
200301210000,28.66507547866462,1.0,0,Hail
200301210000,11.937895835627677,1.0,1,Thunderstorm Wind
200302040000,18.349442117732707,1.0,1,Thunderstorm Wind
200302060000,12.848938923044596,1.0,1,Thunderstorm Wind
200302140000,17.49190784149808,1.0,1,Thunderstorm Wind
200302170000,21.791472039723754,1.0,1,Thunderstorm Wind
200302200000,5.8236922435083605,1.0,1,Hail
200302230000,27.89152401058391,1.0,0,Hail
200302270000,26.081876237659095,1.0,0,Hail
200302270000,17.339450565072543,1.0,1,Thunderstorm Wind
200302280000,23.37226349904301,1.0,1,Tornado
200303100000,11.82127063952437,1.0,1,Tornado
200303110000,22.801087213172337,1.0,1,Thunderstorm Wind
200303120000,28.8512118085601,1.0,0,Tornado
200303260000,19.241908509126777,1.0,1,Tornado
200303290000,18.054289581733105,1.0,1,Hail
200304090000,27.949644866875282,1.0,0,Hail
200304120000,22.80427039643955,1.0,1,Thunderstorm Wind
200304200000,19.215547298890165,1.0,1,Tornado
200304210000,31.972256195784137,1.0,0,Tornado
200304220000,20.245262356841053,1.0,1,Tornado
200305020000,23.61026608798271,1.0,1,Tornado
200305120000,27.396125343275084,1.0,0,Thunderstorm Wind
200305190000,21.38227360402868,1.0,1,Tornado
200305200000,22.86008332626704,1.0,1,Hail
200305220000,10.789397725201509,1.0,1,Thunderstorm Wind
200305260000,14.611555832510657,1.0,1,Thunderstorm Wind
200305290000,25.315167649981838,1.0,0,Tornado
200306150000,11.358753282141318,1.0,1,Tornado
200306160000,29.400069416185197,1.0,0,Tornado
200306190000,12.304929569635888,1.0,1,Tornado
200307110000,23.101700468533263,1.0,1,Tornado
200307170000,17.041711316018407,1.0,1,Tornado
200307220000,23.97527111682197,1.0,1,Tornado
200307260000,27.87092749973853,1.0,0,Tornado
200307270000,23.461818580879584,1.0,1,Tornado
200307270000,25.577701931843823,1.0,0,Hail
200307280000,22.035256049542085,1.0,1,Tornado
200307300000,17.618934782797066,1.0,1,Tornado
200308080000,5.109635768935862,1.0,1,Tornado
200308100000,13.638073285122871,1.0,1,Tornado
200308150000,15.103091243888032,1.0,1,Tornado
200308200000,25.57563366379318,1.0,0,Tornado
200308240000,20.367496451997333,1.0,1,Hail
200308250000,23.40342955002979,1.0000000000000002,1,Tornado
200308280000,3.551456324998668,1.0,1,Tornado
200308290000,27.219763428599318,1.0,0,Hail
200309020000,19.773491111891722,1.0,1,Tornado
200309030000,22.615689820441126,1.0,1,Hail
200309030000,25.394295186485905,1.0,0,Thunderstorm Wind
200309040000,16.71959789726068,1.0,1,Tornado
200309060000,26.09729600504358,1.0,0,Thunderstorm Wind
200309080000,4.362187926198494,1.0000000000000002,1,Tornado
200309080000,26.128906725648694,1.0,0,Hail
200309110000,28.239700650442327,1.0,0,Tornado
200309120000,13.440689473772366,1.0,1,Tornado
200309130000,19.842641935705284,1.0,1,Thunderstorm Wind
200309140000,19.580886612883695,1.0,1,Tornado
200309150000,22.746118056108635,1.0,1,Hail
200309180000,9.464907696378436,1.0,1,Tornado
200309180000,26.295704108124305,1.0,0,Thunderstorm Wind
200309250000,24.477870222336183,1.0,1,Tornado
200309270000,23.565100194842795,1.0,1,Tornado
200310010000,31.338897428838404,1.0,0,Tornado
200310030000,10.867819905981598,1.0,1,Tornado
200310040000,5.007656878803929,1.0,1,Tornado
200310040000,27.095212301972378,1.0,0,Hail
200310060000,25.121335932461886,1.0,0,Thunderstorm Wind
200310080000,18.167198259834034,1.0,1,Tornado
200310150000,12.266377084855616,1.0,1,Tornado
200310150000,23.739032372401585,1.0,1,Thunderstorm Wind
200310160000,31.985892499021556,1.0,0,Tornado
200310170000,14.47642768943017,1.0,1,Thunderstorm Wind
200310200000,4.731390305241418,1.0,1,Thunderstorm Wind
200310280000,11.19917886065057,1.0,1,Thunderstorm Wind
200310290000,23.439751137555458,1.0,1,Thunderstorm Wind
200311040000,19.544186221851813,1.0,1,Thunderstorm Wind
200311190000,15.227275762618929,1.0,1,Tornado
200311220000,30.31633503535238,1.0,0,Hail
200311230000,17.183485925615276,1.0,1,Hail
200311260000,6.702386201819801,1.0,1,Hail
200311280000,11.399595973659975,1.0,1,Tornado
200312090000,6.487330820930649,1.0,1,Tornado
200312130000,8.570270644443184,1.0,1,Thunderstorm Wind
200312150000,25.534123938779036,1.0,0,Thunderstorm Wind
200401160000,21.323711634838684,1.0,1,Tornado
200401220000,1287.414195988058,1.2086809693474718,0,Thunderstorm Wind
200402020000,5.6160513118483815,1.0000000000000002,1,Tornado
200402060000,16.174502272241504,1.0,1,Tornado
200402070000,1343.79592123048,1.2086809693474718,0,Tornado
200402170000,18.990055239518192,1.0,1,Thunderstorm Wind
200402230000,21.106335430959724,1.0,1,Thunderstorm Wind
200402270000,1209.4529442999694,1.2086809693474718,0,Tornado
200403030000,17.199928516986365,1.0,1,Thunderstorm Wind
200403050000,3.409665544668381,1.0,1,Hail
200403070000,32.160083089432064,1.0,0,Hail
200403120000,24.978773822994583,1.0,1,Hail
200403190000,19.406196348798193,1.0,1,Thunderstorm Wind
200403240000,18.399472526542752,1.0000000000000002,1,Tornado
200403250000,20.25413019571313,1.0,1,Thunderstorm Wind
200403280000,24.99795322994261,1.0,1,Thunderstorm Wind
200404020000,13.164723259734105,1.0,1,Tornado
200404100000,24.222509634323867,1.0,1,Tornado
200404130000,8.662601208516824,1.0,1,Tornado
200404190000,28.167942987513094,1.0,0,Tornado
200404270000,12.991021058720058,1.0,1,Tornado
200404280000,25.82023149255851,1.0,0,Tornado
200405040000,14.648296727113653,1.0,1,Thunderstorm Wind
200405060000,13.263583030547164,1.0,1,Tornado
200405070000,17.597333714922268,1.0,1,Tornado
200405140000,23.93877487800964,1.0,1,Hail
200405200000,11.316992734581474,1.0,1,Tornado
200406280000,17.26147607066678,1.0,1,Hail
200406300000,8.247444130912614,1.0000000000000002,1,Tornado
200407010000,24.196029363775278,1.0,1,Tornado
200407160000,5.603918159947134,1.0,1,Tornado
200407190000,13.44160822107296,1.0,1,Tornado
200407240000,17.50864896385761,1.0,1,Hail
200407260000,13.292869420163546,1.0,1,Hail
200408060000,23.540476184895976,1.0,1,Tornado
200408140000,25.31622970913968,2.0,0,Thunderstorm Wind
200408190000,16.24530563082863,1.0,1,Tornado
200408220000,19.10108965628118,1.0,1,Tornado
200408220000,18.123548742918473,1.0000000000000002,1,Hail
200408280000,13.005502527844206,1.0,1,Tornado
200409070000,18.089519468355252,1.0,1,Hail
200409110000,30.924593760468703,1.0,0,Thunderstorm Wind
200409130000,19.193140809085524,1.0,1,Tornado
200409210000,22.177551526593884,1.0,1,Hail
200409240000,14.52403599543207,1.0,1,Thunderstorm Wind
200410010000,17.921346671176686,1.0,1,Hail
200410020000,27.086335720872828,1.0,0,Tornado
200410060000,18.797554318331915,1.0,1,Hail
200410080000,26.03443181243587,1.0,0,Tornado
200410080000,25.02980580964556,1.0,0,Hail
200410080000,13.909180863559255,0.0,1,Thunderstorm Wind
200410110000,12.898943296168902,1.0,1,Hail
200410150000,11.766399561787791,1.0,1,Tornado
200410200000,27.81219282576075,2.0,0,Thunderstorm Wind
200410220000,6.507252783745215,1.0,1,Thunderstorm Wind
200410240000,19.07818301832599,1.0,1,Hail
200410260000,26.14894263152959,1.0,0,Hail
200410300000,7.568402241773062,1.0,1,Thunderstorm Wind
200410310000,12.675044168676028,1.0,1,Tornado
200410310000,25.568327612641735,1.0,0,Thunderstorm Wind
200411020000,23.310621534226645,1.0,1,Thunderstorm Wind
200411120000,33.83476017745202,1.0,0,Tornado
200411200000,29.737205566328736,1.0,0,Thunderstorm Wind
200411210000,19.619995881283426,1.0,1,Hail
200412070000,29.380207173456615,1.0,0,Tornado
200412220000,4.093421218229683,1.0,1,Tornado
200412220000,29.663285435949284,1.0,0,Thunderstorm Wind
200412290000,17.044828377071134,1.0,1,Tornado
200501040000,6.502450871747542,1.0,1,Thunderstorm Wind
200501090000,16.237444055504874,1.0000000000000002,1,Tornado
200501100000,29.60444917438803,1.0,0,Tornado
200501110000,26.09630827840435,1.0,0,Tornado
200501130000,19.18887750516914,1.0,1,Hail
200501140000,21.12285936155331,1.0,1,Thunderstorm Wind
200501270000,17.932274936168895,1.0,1,Tornado
200501290000,16.500281040073798,1.0,1,Thunderstorm Wind
200502220000,23.981709090039942,1.0,1,Thunderstorm Wind
200502230000,23.84929947404396,1.0000000000000002,1,Tornado
200502260000,26.24045279060792,1.0,0,Tornado
200502270000,26.127756528859027,1.0,0,Tornado
200502270000,28.81442505664588,1.0,0,Hail
200503040000,19.4030741860503,1.0000000000000002,1,Tornado
200503040000,7.694384002956774,1.0000000000000002,1,Hail
200503150000,20.023043636006275,1.0,1,Hail
200503160000,14.62856681585848,1.0,1,Hail
200503160000,10.469459650749531,1.0,1,Thunderstorm Wind
200503190000,18.03702293002123,1.0,1,Tornado
200503230000,14.511942616215915,1.0,1,Thunderstorm Wind
200503240000,22.96051464864003,1.0,1,Thunderstorm Wind
200503280000,27.58669197811567,1.0,0,Thunderstorm Wind
200503290000,17.414195054042914,1.0,1,Tornado
200504010000,24.766494904776025,1.0,1,Hail
200504070000,22.017993904354658,1.0,1,Tornado
200504150000,27.0331122769472,1.0,0,Tornado
200504160000,21.568811082826837,1.0,1,Tornado
200504240000,18.932618466587584,1.0,1,Tornado
200504240000,23.07879090438326,1.0,1,Hail
200504260000,19.162357622183436,1.0,1,Tornado
200504270000,18.42339950986034,1.0,1,Tornado
200505030000,19.346854316169875,1.0,1,Tornado
200505040000,23.821560383419218,1.0,1,Thunderstorm Wind
200505160000,18.479882159958816,1.0,1,Hail
200505210000,27.560863724906348,1.0000000000000002,0,Tornado
200505230000,21.241375798223025,1.0,1,Tornado
200505250000,17.832218751573798,1.0,1,Tornado
200505260000,16.89086996950374,1.0,1,Tornado
200506210000,20.498235837318806,1.0,1,Tornado
200507010000,4.520965338213105,1.0,1,Tornado
200507040000,5.331469779202983,0.0,1,Tornado
200507220000,12.95269323319492,1.0,1,Tornado
200507230000,16.440549439369697,1.0000000000000002,1,Tornado
200507240000,12.268020001131966,1.0,1,Tornado
200507280000,26.95219196045156,1.0,0,Tornado
200507290000,10.758014904651889,1.0,1,Tornado
200507290000,22.98142397469016,1.0,1,Hail
200507310000,21.147546504206346,1.0,1,Tornado
200508030000,11.96174828476268,1.0,1,Tornado
200508150000,10.261371292984927,1.0000000000000002,1,Tornado
200508200000,17.970266735675157,1.0,1,Tornado
200508200000,5.322171085651355,1.0,1,Hail
200508270000,18.906314525564643,1.0,1,Tornado
200508310000,6.8279875025444925,1.0,1,Hail
200509010000,3.543992779386491,1.0,1,Thunderstorm Wind
200509020000,16.179342504673034,1.0,1,Tornado
200509060000,13.225440862876702,1.0000000000000002,1,Tornado
200509080000,17.877715001414604,1.0,1,Tornado
200509140000,33.94122045457204,1.0,0,Tornado
200509150000,24.896911326692695,1.0,1,Tornado
200509180000,22.72512776510334,1.0,1,Tornado
200509230000,22.411484575572924,1.0,1,Hail
200509250000,22.63874897022045,1.0,1,Hail
200509270000,30.799243269648816,1.0,0,Tornado
200509280000,17.39116394300804,1.0,1,Tornado
200509300000,20.539293215548113,1.0,1,Tornado
200510040000,26.46651720872291,1.0000000000000002,0,Tornado
200510050000,19.4922798078485,1.0,1,Tornado
200510060000,24.5567657451853,1.0,1,Hail
200510060000,16.593326407611,1.0,1,Thunderstorm Wind
200510070000,9.917104492453536,1.0,1,Thunderstorm Wind
200510090000,27.69338140281254,1.0,0,Hail
200510120000,22.51777512929692,1.0,1,Hail
200510150000,25.321157130608988,1.0,0,Tornado
200510160000,9.637639989762386,1.0000000000000002,1,Thunderstorm Wind
200510180000,16.407262520354525,1.0,1,Thunderstorm Wind
200510210000,28.559374305941997,1.0,0,Tornado
200510290000,4.7564783508998465,1.0,1,Hail
200511060000,15.676029293592793,1.0,1,Tornado
200511080000,17.28783287767147,1.0,1,Hail
200511110000,23.1422175832299,1.0,1,Thunderstorm Wind
200511170000,19.529429865068437,1.0,1,Thunderstorm Wind
200511260000,12.756266103527903,1.0,1,Hail
200511280000,25.423275904092584,1.0,0,Hail
200512050000,11.890090961456343,1.0,1,Thunderstorm Wind
200512140000,20.218406534729866,1.0,1,Hail
200512140000,26.108049537782712,1.0,0,Thunderstorm Wind
200512150000,19.849694032250664,1.0,1,Thunderstorm Wind
200512240000,10.532100645419996,1.0,1,Tornado
200512250000,17.04259257795554,1.0,1,Tornado
200601100000,28.14001028002889,1.0,0,Thunderstorm Wind
200601110000,15.028642547432776,1.0,1,Hail
200601130000,11.258978756925393,1.0,1,Hail
200601140000,7.68555107156682,1.0000000000000002,1,Tornado
200601170000,9.902902946713207,1.0,1,Tornado
200601210000,25.20444498191586,1.0,0,Hail
200601240000,33.37176637491982,1.0,0,Hail
200602020000,23.517093353243528,1.0,1,Thunderstorm Wind
200602100000,24.99330712086325,1.0,1,Tornado
200602180000,13.45239353808895,1.0,1,Hail
200602180000,13.443714195764546,1.0,1,Thunderstorm Wind
200603170000,23.233334953159673,1.0,1,Hail
200603210000,13.778914523257479,1.0,1,Thunderstorm Wind
200603240000,1225.6075186686949,1.2086809693474718,0,Hail
200603270000,1222.1971334289105,1.2086809693474716,0,Thunderstorm Wind
200603290000,11.5748453352504,1.0000000000000002,1,Tornado
200604040000,19.878607218695645,1.0,1,Tornado
200604040000,9.483210673158014,1.0,1,Thunderstorm Wind
200604090000,10.97066274830631,1.0,1,Hail
200604090000,5.348426434182464,1.0,1,Thunderstorm Wind
200604100000,25.24454819079075,1.0,0,Thunderstorm Wind
200604180000,22.948184921864982,1.0,1,Tornado
200604210000,15.640861363002447,1.0,1,Tornado
200604290000,15.25976716521837,1.0,1,Hail
200605010000,7.6164630917102265,1.0,1,Tornado
200605060000,21.852952226235857,1.0,1,Thunderstorm Wind
200605080000,19.3579965061145,1.0,1,Tornado
200605110000,21.001324593622716,1.0,1,Hail
200605180000,24.434856648973042,1.0,1,Tornado
200605190000,14.599913899514295,1.0,1,Tornado
200605210000,31.603285419730476,1.0,0,Tornado
200605220000,12.42597406717361,1.0,1,Tornado
200606030000,33.80777387401878,1.0,0,Tornado
200606040000,16.60235971936483,1.0,1,Tornado
200606080000,30.04059761050323,1.0000000000000002,0,Tornado
200606090000,13.465290349231141,1.0,1,Tornado
200606300000,11.331548857206393,1.0,1,Tornado
200607010000,15.497131099734828,1.0,1,Tornado
200607050000,16.18260333962965,1.0,1,Tornado
200607060000,27.673031640503662,1.0,0,Tornado
200607080000,24.31084704371318,1.0,1,Tornado
200607080000,7.858291717497446,1.0,1,Hail
200607140000,16.438367175723346,1.0,1,Hail
200607160000,20.319344721658553,1.0,1,Tornado
200607180000,15.692756477710295,1.0,1,Tornado
200607200000,17.85585238798362,1.0,1,Tornado
200607220000,23.95729053383289,1.0,1,Tornado
200607230000,17.57047625232366,1.0,1,Hail
200607250000,10.172093816128914,1.0,1,Tornado
200607280000,19.907427550310086,1.0,1,Tornado
200608030000,26.72277503873008,1.0,0,Tornado
200608120000,23.612963026676955,1.0000000000000002,1,Tornado
200608160000,5.0469113541956965,1.0000000000000002,1,Tornado
200608190000,28.356865169349838,1.0,0,Tornado
200608230000,17.5241723693747,1.0,1,Tornado
200608290000,11.118648566649691,1.0,1,Tornado
200609070000,22.525561236996737,1.0,1,Tornado
200609120000,15.728355473980562,1.0,1,Hail
200609130000,13.299093619687522,1.0,1,Tornado
200609130000,15.217845713518512,1.0,1,Thunderstorm Wind
200609140000,24.50416630171979,1.0,1,Thunderstorm Wind
200609170000,6.828154016836561,1.0,1,Hail
200609190000,17.193217411197175,1.0,1,Thunderstorm Wind
200609200000,20.208298027579165,1.0,1,Thunderstorm Wind
200609260000,24.983807510713422,1.0,1,Thunderstorm Wind
200609290000,18.03034588662634,1.0,1,Tornado
200609300000,11.059266771562159,1.0,1,Tornado
200610010000,21.948163260935402,1.0,1,Thunderstorm Wind
200610030000,20.082305054909614,1.0,1,Tornado
200610050000,13.551378043813044,1.0,1,Hail
200610060000,24.75512533081565,1.0,1,Hail
200610070000,11.517534160032781,1.0,1,Tornado
200610070000,27.232594698178495,1.0,0,Thunderstorm Wind
200610080000,26.44599888643569,1.0,0,Tornado
200610090000,17.42013926713511,1.0,1,Tornado
200610120000,13.918732748038176,1.0,1,Hail
200610140000,14.991317723297398,1.0,1,Tornado
200610140000,16.44430663011929,1.0,1,Thunderstorm Wind
200610150000,27.560910615861697,1.0,0,Hail
200610200000,22.997717389467866,1.0,1,Thunderstorm Wind
200610210000,12.737548971293137,1.0,1,Tornado
200610260000,18.65588886511244,1.0,1,Hail
200611050000,21.995890291668108,1.0,1,Thunderstorm Wind
200611100000,23.330288555626023,1.0,1,Tornado
200611160000,30.22320279921473,1.0,0,Tornado
200611270000,23.516130601652577,1.0,1,Thunderstorm Wind
200611290000,20.66272696986759,1.0,1,Hail
200612160000,20.11867067585334,1.0,1,Tornado
200612200000,20.56333049315711,1.0,1,Thunderstorm Wind
200612210000,9.01574949541968,1.0,1,Tornado
200612210000,32.486131445855065,1.0,0,Hail
200612210000,23.86324349114088,1.0,1,Thunderstorm Wind
200612230000,16.022378222095963,1.0,1,Hail
200612240000,8.928872282772467,1.0,1,Tornado
200612260000,14.33336025948333,1.0,1,Hail
200612270000,22.13815684642058,1.0,1,Thunderstorm Wind
200612310000,13.213941360550038,1.0,1,Tornado
200701050000,18.487127145988488,1.0,1,Hail
200701070000,17.172602863689313,1.0,1,Hail
200701120000,18.602734224309234,1.0,1,Tornado
200701130000,24.73977318597032,1.0,1,Tornado
200701130000,25.05076194411118,1.0,0,Thunderstorm Wind
200702010000,14.399506845557163,1.0,1,Hail
200702020000,18.614607577533576,1.0,1,Tornado
200702200000,28.12126785612269,1.0,0,Thunderstorm Wind
200702210000,15.286357305680262,1.0,1,Thunderstorm Wind
200702220000,16.693959052926658,1.0,1,Thunderstorm Wind
200702250000,21.717337297437787,1.0,1,Tornado
200702250000,4.011171121982307,1.0,1,Hail
200702260000,26.748392016496386,1.0,0,Hail
200702260000,26.748392016496386,1.0,0,Thunderstorm Wind
200703020000,4.330685830877527,1.0,1,Tornado
200703100000,26.876605733425382,1.0,0,Tornado
200703120000,28.956868805231085,1.0,0,Thunderstorm Wind
200703130000,2.420308475241204,1.0,1,Tornado
200703160000,24.935657382279203,1.0,1,Tornado
200703170000,21.688182408324867,1.0,1,Thunderstorm Wind
200703200000,24.376402771227454,1.0,1,Thunderstorm Wind
200703210000,9.232931928577392,1.0,1,Tornado
200703260000,24.187393989329713,1.0,1,Hail
200704040000,29.547236083468526,1.0,0,Thunderstorm Wind
200704100000,20.48800669157009,1.0,1,Tornado
200704180000,26.75474938824281,1.0000000000000002,0,Hail
200704180000,26.375597495936713,1.0000000000000002,0,Thunderstorm Wind
200704190000,23.622365715617104,1.0,1,Thunderstorm Wind
200704220000,21.16046145006923,1.0,1,Tornado
200705200000,18.48357004895647,1.0000000000000002,1,Tornado
200705270000,10.547747445701058,1.0000000000000002,1,Tornado
200707020000,21.815038098175076,1.0,1,Tornado
200707050000,5.469659239535789,1.0,1,Tornado
200707100000,18.073668580257454,1.0,1,Tornado
200707130000,24.987796388283616,1.0,1,Tornado
200707190000,20.00046653122573,1.0,1,Tornado
200707200000,29.2388949410646,1.0,0,Tornado
200707220000,25.365288417077338,1.0,0,Tornado
200708020000,8.007298023842896,1.0,1,Tornado
200708060000,14.047829070619033,0.998793460981787,1,Tornado
200708110000,17.171597027449014,1.0,1,Tornado
200708120000,4.770552659109022,1.0,1,Hail
200708170000,12.35800844971261,1.0,1,Tornado
200708220000,17.806339812508615,1.0,1,Tornado
200708270000,20.925616957025156,1.0,1,Tornado
200709020000,22.105994925157773,1.0,1,Tornado
200709040000,23.336510379333752,1.0,1,Hail
200709090000,25.4161908726344,1.0,0,Hail
200709110000,28.800569696244253,1.0,0,Tornado
200709120000,9.035700585868192,1.0,1,Tornado
200709150000,20.334366991368007,1.0,1,Hail
200709160000,13.267229690348724,1.0,1,Hail
200709170000,1.5582640676956256,1.0,1,Hail
200709210000,11.938289365366392,1.0,1,Tornado
200709220000,25.630983806500833,1.0,0,Thunderstorm Wind
200710040000,26.350200821196108,1.0,0,Hail
200710080000,24.423584131699023,1.0,1,Tornado
200710120000,18.883280538666124,1.0,1,Thunderstorm Wind
200710160000,3.2022873010939357,1.0,1,Tornado
200710230000,24.79345445283094,1.0,1,Tornado
200711050000,18.46509841719272,1.0,1,Tornado
200711120000,22.20178688956701,1.0,1,Hail
200711170000,17.490122739439986,1.0,1,Thunderstorm Wind
200711190000,21.844195057434536,1.0,1,Tornado
200711240000,9.925003459142987,1.0,1,Thunderstorm Wind
200712020000,21.542653299309116,1.0,1,Tornado
200712140000,20.655710321068472,1.0,1,Thunderstorm Wind
200712210000,15.767718519338104,1.0,1,Tornado
200712210000,21.96955931300192,1.0000000000000002,1,Thunderstorm Wind
200712260000,23.868195254531994,1.0,1,Tornado
200712260000,10.160457695233893,1.0,1,Thunderstorm Wind
200801110000,16.186670054257615,1.0,1,Thunderstorm Wind
200801130000,22.9334694519142,1.0,1,Hail
200801170000,21.857884077799753,1.0,1,Thunderstorm Wind
200801240000,26.007593154438222,1.0,0,Tornado
200801270000,19.918084370464705,1.0,1,Tornado
200801280000,21.33893471059853,1.0000000000000002,1,Thunderstorm Wind
200802030000,14.886495091545052,1.0000000000000002,1,Thunderstorm Wind
200802060000,19.229525193667104,1.0,1,Hail
200802100000,9.26086863133349,1.0,1,Thunderstorm Wind
200802130000,19.26156208092371,1.0,1,Tornado
200802130000,3.0350140722857746,1.0,1,Thunderstorm Wind
200802290000,21.427022301926907,1.0,1,Thunderstorm Wind
200803040000,26.09510633931534,1.0,0,Hail
200803060000,5.6821063067655775,1.0,1,Tornado
200803130000,25.371896088780534,1.0,0,Thunderstorm Wind
200803190000,20.202737036685733,1.0,1,Tornado
200803190000,16.771989281344187,1.0,1,Hail
200803220000,22.15793454499476,1.0,1,Thunderstorm Wind
200803260000,16.840772309639462,1.0,1,Thunderstorm Wind
200803280000,26.008884101031047,1.0,0,Hail
200804010000,22.13969943420796,1.0,1,Hail
200804020000,24.55440756443478,1.0,1,Hail
200804020000,11.517534160032781,1.0,1,Thunderstorm Wind
200804050000,11.34851920082417,1.0,1,Hail
200804060000,26.146099115249857,1.0,0,Hail
200804120000,17.811787495852986,1.0,1,Hail
200804150000,32.785466459981016,1.0,0,Thunderstorm Wind
200804170000,4.07393946465349,1.0,1,Tornado
200804180000,19.527591755250512,1.0,1,Hail
200804260000,23.468548119534855,1.0,1,Tornado
200804270000,24.37833594247431,1.0,1,Hail
200805040000,6.107517350420514,1.0,1,Hail
200805170000,13.720800053529306,1.0,1,Tornado
200805180000,20.299835616888114,1.0,1,Tornado
200806090000,17.853644404980123,1.0000000000000002,1,Tornado
200806160000,14.455682652173104,1.0,1,Tornado
200806220000,19.903462838674425,1.0,1,Tornado
200807010000,29.584040788218164,1.0,0,Tornado
200807020000,8.452003211750071,1.0,1,Tornado
200807130000,1.879657721653431,1.0,1,Tornado
200807250000,13.889931397131072,1.0,1,Tornado
200807260000,22.946169066306542,1.0,1,Tornado
200807310000,12.05096878340035,1.0,1,Hail
200808020000,7.468309083369155,1.0,1,Tornado
200808070000,19.533068753280567,1.0,1,Tornado
200808100000,14.938683422129625,1.0,1,Tornado
200808150000,8.086388736050544,1.0,1,Tornado
200808200000,21.289506462457215,1.0000000000000002,1,Tornado
200808270000,13.048469806634017,1.0,1,Hail
200808310000,25.01749262102455,1.0,0,Tornado
200809040000,21.507327963486237,1.0,1,Tornado
200809060000,20.830132044858853,1.0,1,Tornado
200809070000,22.408805131442925,1.0,1,Thunderstorm Wind
200809100000,13.834408276004607,1.0,1,Hail
200809110000,27.11556255808297,1.0,0,Hail
200809150000,24.63372511985817,1.0,1,Thunderstorm Wind
200809160000,8.870263455110763,1.0,1,Hail
200809170000,28.820542211956948,1.0,0,Tornado
200809170000,27.514757488330197,1.0,0,Thunderstorm Wind
200809190000,12.450484872959777,1.0,1,Hail
200809190000,16.84358087274703,1.0,1,Thunderstorm Wind
200809210000,13.739244966148652,1.0,1,Thunderstorm Wind
200809230000,1247.5798470527352,1.2086809693474716,0,Tornado
200809290000,30.88824638558601,1.0,0,Tornado
200810040000,22.729845949124662,1.0,1,Thunderstorm Wind
200810050000,26.416129189413542,1.0,0,Thunderstorm Wind
200810090000,17.74714183593906,1.0,1,Tornado
200810200000,23.904461704897376,1.0,1,Hail
200810220000,22.81534515859915,1.0,1,Hail
200810230000,10.729673792976682,1.0,1,Thunderstorm Wind
200810240000,26.602356373203147,1.0,0,Tornado
200810300000,19.68014024124856,1.0,1,Thunderstorm Wind
200811070000,17.165525725349383,1.0,1,Tornado
200811100000,24.90334338845727,0.9999999999999999,1,Tornado
200811110000,22.210080001750786,1.0,1,Thunderstorm Wind
200811280000,25.871452692568717,1.0,0,Hail
200811290000,18.212032041130517,1.0,1,Thunderstorm Wind
200812030000,26.175574935825345,1.0,0,Thunderstorm Wind
200812080000,18.164807401664927,1.0,1,Hail
200812100000,19.265279297008128,1.0,1,Tornado
200812130000,1368.2954380110652,1.2086809693474718,0,Tornado
200812130000,1365.0054998014095,1.2086809693474718,0,Thunderstorm Wind
200812150000,21.870580972807893,1.0,1,Thunderstorm Wind
200812240000,33.61907229859061,1.0,0,Hail
200812250000,15.7104876748428,1.0,1,Thunderstorm Wind
200901030000,20.584574758163477,1.0,1,Tornado
200901190000,23.987494731639796,1.0,1,Hail
200901240000,18.466510992902858,1.0,1,Tornado
200901260000,15.811767860448546,1.0,1,Thunderstorm Wind
200902010000,14.29384247520925,1.0,1,Thunderstorm Wind
200902080000,22.20681232300943,1.0,1,Hail
200902090000,22.524967399531914,1.0000000000000002,1,Tornado
200902170000,21.197337271535453,1.0,1,Thunderstorm Wind
200903010000,17.466542382360224,1.0,1,Hail
200903010000,20.61289505306655,1.0,1,Thunderstorm Wind
200903040000,33.27824717671593,1.0,0,Hail
200903210000,16.3780203954818,1.0,1,Thunderstorm Wind
200903240000,20.41919902965322,1.0,1,Tornado
200903290000,21.325195223875365,1.0,1,Tornado
200904010000,15.46485330223147,1.0,1,Tornado
200904060000,23.46790191333757,1.0,1,Hail
200904080000,5.201373997615897,1.0000000000000002,1,Tornado
200904110000,6.473675391369998,1.0,1,Tornado
200904120000,15.063075330759265,1.0,1,Tornado
200904150000,28.374466167770727,1.0,0,Thunderstorm Wind
200904160000,33.52529331147958,1.0,0,Thunderstorm Wind
200904170000,23.534453439899256,1.0,1,Thunderstorm Wind
200904200000,16.370006649300265,1.0,1,Tornado
200905140000,18.13771860023187,1.0,1,Tornado
200905210000,10.934171788391364,1.0,1,Thunderstorm Wind
200905220000,3.921101009697585,1.0,1,Thunderstorm Wind
200905270000,24.71700124033339,1.0,1,Tornado
200906200000,25.689451012031544,1.0,0,Hail
200906280000,11.89544455952517,1.0,1,Tornado
200907030000,27.56824850801122,1.0,0,Tornado
200907070000,16.205321147878138,1.0,1,Tornado
200907120000,24.528189319230396,1.0,1,Tornado
200907150000,21.459438442810892,1.0,1,Tornado
200907160000,19.148525146021072,1.0,1,Tornado
200908140000,15.069962591836047,1.0,1,Tornado
200908150000,8.257132315331422,1.0,1,Tornado
200908160000,16.6891650426359,1.0,1,Tornado
200908170000,7.352660947673369,1.0,1,Tornado
200908200000,13.275723150860433,1.0,1,Tornado
200908210000,22.843741109916692,1.0,1,Tornado
200908250000,7.901229589125908,0.998793460981787,1,Tornado
200908290000,25.37266645330245,1.0,0,Tornado
200908300000,22.14066924762985,1.0,1,Hail
200909010000,22.742856108132855,1.0,1,Thunderstorm Wind
200909020000,23.47994136546122,1.0,1,Tornado
200909020000,4.65819095833372,1.0,1,Thunderstorm Wind
200909030000,21.107143677778073,1.0,1,Tornado
200909040000,10.736174646386521,1.0,1,Hail
200909050000,8.165625961977927,1.0000000000000002,1,Hail
200909060000,13.352815192380438,1.0,1,Tornado
200909070000,23.798230936742947,1.0,1,Tornado
200909110000,20.78858977347574,1.0,1,Thunderstorm Wind
200909130000,25.122236845023675,1.0,0,Thunderstorm Wind
200909150000,9.321912484758201,1.0,1,Hail
200909160000,24.062958461616187,1.0,1,Tornado
200909200000,11.147372539066742,1.0,1,Tornado
200909220000,17.426557042522877,1.0,1,Tornado
200909240000,16.167374226240778,1.0,1,Tornado
200909250000,20.06689122949226,1.0,1,Hail
200909260000,26.102972003008887,1.0,0,Hail
200910010000,14.564751936963356,1.0,1,Tornado
200910030000,9.64928576000411,1.0,1,Tornado
200910060000,26.4246511656297,1.0,0,Tornado
200910110000,11.42893283534293,1.0,1,Thunderstorm Wind
200910120000,5.826384503831367,1.0,1,Thunderstorm Wind
200910130000,31.842905349859176,1.0,0,Thunderstorm Wind
200910140000,25.315935022822885,1.0,0,Thunderstorm Wind
200910160000,22.8480556340366,1.0,1,Thunderstorm Wind
200910230000,12.221566164084614,1.0,1,Tornado
200910230000,19.42075689921271,1.0,1,Thunderstorm Wind
200910240000,21.22011836060684,1.0,1,Thunderstorm Wind
200910260000,19.143477820001184,0.0,1,Tornado
200910300000,20.44790502306151,1.0,1,Tornado
200911060000,23.03064596825978,1.0,1,Tornado
200911110000,21.50049087762093,1.0,1,Thunderstorm Wind
200911270000,22.13924583587265,1.0,1,Thunderstorm Wind
200912010000,9.230923623001459,1.0,1,Thunderstorm Wind
200912080000,15.901378093873696,1.0,1,Tornado
200912080000,24.536356816705073,1.0,1,Hail
200912120000,4.183514590619028,1.0000000000000002,1,Thunderstorm Wind
200912200000,1214.7223474884431,1.2086809693474716,0,Thunderstorm Wind
200912220000,7.9580380684141225,1.0,1,Thunderstorm Wind
200912250000,13.91131800111164,1.0,1,Thunderstorm Wind
201001180000,14.637188146954077,1.0000000000000002,1,Tornado
201001230000,23.623465940251446,1.0,1,Tornado
201001230000,21.433259883377065,1.0,1,Thunderstorm Wind
201001240000,21.62376967349285,1.0,1,Tornado
201001240000,22.532760368012525,1.0,1,Hail
201001280000,16.44217036411864,1.0,1,Hail
201001290000,16.501523133225298,1.0,1,Thunderstorm Wind
201002080000,22.84443186804275,1.0,1,Hail
201002210000,30.596955298044872,1.0,0,Thunderstorm Wind
201002220000,14.846771607998539,1.0,1,Hail
201002270000,21.3648913077253,1.0000000000000002,1,Tornado
201003080000,17.536940851669446,1.0,1,Hail
201003090000,3.592251371636983,1.0,1,Thunderstorm Wind
201003120000,15.566951498467006,1.0,1,Tornado
201003130000,21.33893471059853,1.0000000000000002,1,Thunderstorm Wind
201003210000,25.694695620223605,1.0,0,Hail
201003290000,12.11973015719608,1.0,1,Tornado
201004030000,13.849533095524928,1.0,1,Thunderstorm Wind
201004040000,22.381863493107737,1.0,1,Tornado
201004050000,3.5412621694087063,1.0,1,Tornado
201004120000,34.69872092165021,1.0,0,Tornado
201004130000,12.670459678571696,1.0,1,Tornado
201004140000,29.85439806875495,1.0,0,Thunderstorm Wind
201004170000,24.000675728818887,1.0,1,Tornado
201004170000,4.673898250254515,1.0,1,Thunderstorm Wind
201004190000,19.670217514987527,1.0000000000000002,1,Hail
201004210000,15.024693814975691,1.0,1,Tornado
201004260000,20.882353902760702,1.0,1,Tornado
201005070000,24.794195430434407,1.0,1,Tornado
201005170000,11.99091296182365,1.0,1,Tornado
201005270000,5.918746776745373,1.0,1,Tornado
201006090000,18.595999696937913,1.0,1,Tornado
201006190000,24.14494466755871,1.0,1,Tornado
201006290000,24.790810462959342,1.0,1,Tornado
201007070000,12.013193934159306,1.0,1,Hail
201007250000,18.360630451450533,1.0,1,Tornado
201007290000,24.513215840401987,1.0,1,Tornado
201007310000,11.422111039786973,1.0,1,Tornado
201008020000,12.362148780239249,1.0000000000000002,1,Tornado
201008060000,31.620624328789187,1.0,0,Tornado
201008200000,20.11839788975906,1.0,1,Tornado
201008210000,24.770051744720377,1.0,1,Hail
201008220000,20.916898314074835,1.0,1,Tornado
201008230000,13.379228225169326,1.0,1,Hail
201008280000,25.08318560949408,1.0,0,Hail
201009040000,20.036608372622144,1.0,1,Hail
201009130000,22.957826792337194,1.0,1,Tornado
201009210000,18.823829992649635,1.0,1,Tornado
201009220000,22.443005565251408,1.0,1,Tornado
201009250000,11.515519989587819,1.0,1,Tornado
201009260000,3.6047644150428155,1.0,1,Hail
201009290000,30.562684837552332,1.0,0,Tornado
201009300000,14.836998223998176,1.0,1,Tornado
201010010000,14.257590114422095,1.0,1,Thunderstorm Wind
201010100000,19.25380625770484,1.0,1,Thunderstorm Wind
201010170000,23.759729869695704,1.0000000000000002,1,Hail
201010170000,26.496874388291985,1.0000000000000002,0,Thunderstorm Wind
201010180000,26.700608613118078,1.0000000000000002,0,Tornado
201010180000,9.218770424196592,1.0,1,Hail
201010230000,22.321621026921363,1.0,1,Tornado
201010270000,12.475960069562891,1.0,1,Hail
201011020000,11.359746246601546,1.0,1,Hail
201011120000,23.615655780111773,1.0,1,Thunderstorm Wind
201011210000,22.237034831118436,1.0,1,Thunderstorm Wind
201011230000,7.398036060714808,1.0,1,Thunderstorm Wind
201012010000,21.56452916879316,1.0,1,Tornado
201012090000,1348.2547968823521,1.2086809693474718,0,Thunderstorm Wind
201012140000,16.169105702017237,1.0,1,Tornado
201012140000,14.441226836969252,1.0,1,Thunderstorm Wind
201101040000,23.78831326616307,1.0,1,Thunderstorm Wind
201101050000,12.74238780342517,1.0,1,Thunderstorm Wind
201101100000,16.567276845236048,1.0,1,Hail
201101170000,4.462038890516784,1.0,1,Tornado
201101170000,26.241854387796447,1.0,0,Hail
201101250000,10.235673959453683,1.0,1,Hail
201101300000,22.537213652202308,1.0,1,Thunderstorm Wind
201102060000,25.902157901967115,1.0,0,Thunderstorm Wind
201102110000,1219.8929948819336,1.2086809693474716,0,Tornado
201102180000,19.269296097159263,1.0000000000000002,1,Thunderstorm Wind
201102190000,21.86125518280041,0.0,1,Thunderstorm Wind
201102250000,14.56877929952195,1.0,1,Tornado
201103140000,13.199816377260976,1.0,1,Tornado
201103160000,14.60873290187861,1.0,1,Tornado
201103160000,7.903988321760311,1.0000000000000002,1,Thunderstorm Wind
201103180000,17.394141973208786,1.0,1,Tornado
201103200000,22.852358600587745,1.0,1,Thunderstorm Wind
201103210000,19.256211203228787,1.0,1,Tornado
201103250000,19.565405604562557,1.0,1,Thunderstorm Wind
201103280000,14.648610584851745,1.0,1,Hail
201103280000,10.138779683359077,1.0,1,Thunderstorm Wind
201103300000,25.1710234786117,1.0,0,Tornado
201104020000,24.219408411317527,1.0,1,Hail
201104050000,24.39696498180331,1.0,1,Hail
201104070000,28.03027593869795,1.0,0,Tornado
201104110000,24.73076317710871,1.0,1,Tornado
201104290000,23.727278253396253,1.0,1,Thunderstorm Wind
201105010000,25.296423644899818,1.0,0,Tornado
201105020000,22.586456313430347,1.0,1,Tornado
201105020000,19.72485877316775,1.0,1,Hail
201105060000,15.408118633739361,1.0,1,Thunderstorm Wind
201105080000,26.836032115654714,1.0000000000000002,0,Tornado
201105100000,27.272058313076293,1.0,0,Tornado
201105310000,21.436542759392047,1.0,1,Tornado
201106070000,21.860603651370027,1.0000000000000002,1,Tornado
201106100000,24.038428768377965,1.0,1,Tornado
201106300000,9.728645968799897,1.0,1,Tornado
201107050000,16.075270330596652,1.0,1,Tornado
201107060000,13.98937952851702,1.0000000000000002,1,Tornado
201107070000,30.71790222737219,1.0,0,Tornado
201107230000,20.337934453225905,1.0,1,Tornado
201108020000,7.507439267888278,1.0,1,Tornado
201108030000,23.25937709333926,1.0,1,Tornado
201108050000,16.732011152928578,1.0,1,Tornado
201108080000,22.7365189523573,1.0,1,Tornado
201108100000,23.243504857617477,1.0000000000000002,1,Tornado
201108200000,20.66480719120893,1.0,1,Tornado
201108260000,18.261989791018824,1.0,1,Hail
201108290000,24.108930043391137,1.0000000000000002,1,Tornado
201109050000,16.662178391579175,1.0,1,Hail
201109060000,11.935746722427927,1.0,1,Tornado
201109060000,28.272322313277922,1.0,0,Hail
201109080000,17.951764901025285,1.0,1,Hail
201109140000,18.687111958267185,1.0000000000000002,1,Tornado
201109150000,18.295260114555983,1.0,1,Tornado
201109180000,11.049421113689833,1.0,1,Tornado
201109220000,13.09751894948713,1.0,1,Tornado
201109270000,24.814201601659942,1.0,1,Tornado
201110020000,18.297324764812046,1.0,1,Thunderstorm Wind
201110040000,20.7180864309197,1.0,1,Thunderstorm Wind
201110050000,20.78376500222043,1.0,1,Tornado
201110050000,23.03468567939537,1.0,1,Thunderstorm Wind
201110060000,10.080927024605169,1.0,1,Tornado
201110080000,22.406721261717063,1.0,1,Tornado
201110090000,10.367240214966412,1.0,1,Tornado
201110110000,22.527133313155122,1.0,1,Thunderstorm Wind
201110140000,21.41079182706721,1.0,1,Hail
201110190000,21.675866439984844,1.0,1,Thunderstorm Wind
201110230000,13.820450950974957,1.0,1,Hail
201110300000,2.6686028145256993,1.0,1,Thunderstorm Wind
201111060000,19.01098201386806,1.0,1,Thunderstorm Wind
201111080000,22.534308205461794,1.0,1,Hail
201112140000,23.510009559314458,1.0,1,Hail
201112200000,15.82895228614271,1.0,1,Tornado
201112210000,13.45615193035431,1.0,1,Tornado
201201100000,24.99945199580004,1.0,1,Thunderstorm Wind
201201110000,14.858611564914277,1.0,1,Hail
201201310000,21.772177026044695,1.0,1,Tornado
201202010000,15.929172664611041,1.0,1,Tornado
201202040000,10.313194883411326,1.0,1,Tornado
201202040000,7.985365682153373,1.0,1,Hail
201202150000,16.588567707349043,1.0,1,Hail
201202210000,5.761364399430346,1.0,1,Hail
201202220000,23.74499561589355,1.0,1,Tornado
201202230000,20.400612859657674,1.0,1,Hail
201203040000,15.942324448439814,1.0,1,Thunderstorm Wind
201203060000,1282.3722827696874,1.2086809693474718,0,Hail
201203090000,1274.4669907201444,1.2086809693474718,0,Tornado
201203100000,16.989543126597013,1.0,1,Hail
201203120000,12.168766791580024,1.0,1,Tornado
201203170000,12.565152764664962,1.0000000000000002,1,Tornado
201203240000,23.741084285934086,1.0,1,Tornado
201203290000,27.700918090613616,1.0,0,Tornado
201203300000,6.430861764796328,1.0,1,Tornado
201204020000,26.997506931721585,1.0,0,Tornado
201204060000,20.497509137209068,1.0,1,Tornado
201204080000,12.262581838782191,1.0,1,Thunderstorm Wind
201204100000,26.906810897127034,1.0,0,Thunderstorm Wind
201204120000,31.053869946357324,1.0000000000000002,0,Tornado
201204180000,17.11688819867482,1.0,1,Thunderstorm Wind
201204190000,26.310051294571505,1.0,0,Thunderstorm Wind
201204250000,25.12377024632514,1.0,0,Tornado
201204280000,21.529138489010297,1.0,1,Tornado
201205120000,8.323229254356939,1.0,1,Tornado
201205120000,21.883955320550704,1.0,1,Thunderstorm Wind
201205180000,28.863951249721236,1.0000000000000002,0,Tornado
201205210000,19.39606959823155,1.0,1,Tornado
201205230000,8.113544852631382,1.0,1,Tornado
201205280000,18.95683129549595,1.0,1,Tornado
201206080000,3.2459218943803916,1.0,1,Tornado
201206130000,22.382528905270032,1.0,1,Tornado
201206150000,12.531761950411196,1.0000000000000002,1,Tornado
201206160000,20.760199840244347,1.0,1,Tornado
201206180000,7.031801637719228,1.0,1,Tornado
201206260000,11.641350694189775,1.0,1,Tornado
201206270000,8.570479573706255,1.0,1,Hail
201207030000,8.97667944236621,1.0000000000000002,1,Tornado
201207040000,22.417152481421816,1.0000000000000002,1,Tornado
201207050000,22.89765122144416,1.0,1,Tornado
201207090000,24.924032476547396,1.0,1,Tornado
201207100000,20.455397980599255,1.0,1,Tornado
201207130000,12.235635972157242,1.0,1,Tornado
201207140000,24.328100994571397,1.0,1,Tornado
201207210000,5.860292017633762,1.0,1,Tornado
201207230000,23.559585013263945,1.0,1,Tornado
201207280000,21.064053168658436,1.0,1,Tornado
201207290000,22.097524736995158,1.0,1,Tornado
201207310000,12.059105879158773,1.0,1,Tornado
201208010000,22.5905093185531,1.0,1,Tornado
201208040000,16.58997934500354,1.0,1,Tornado
201208050000,29.801881403217486,1.0,0,Tornado
201208070000,15.4758268435306,1.0,1,Tornado
201208080000,18.918675501729258,1.0,1,Tornado
201208110000,20.536965524784133,1.0,1,Tornado
201208120000,29.015324041457404,1.0000000000000002,0,Tornado
201208220000,28.14350735371143,1.0,0,Thunderstorm Wind
201208250000,14.127296471444582,1.0,1,Hail
201208310000,2.8534980435832913,1.0,1,Hail
201209020000,18.87001779949358,1.0,1,Hail
201209030000,17.274045744193735,1.0,1,Tornado
201209070000,16.75682596019625,1.0,1,Tornado
201209090000,30.998133269841567,1.0000000000000002,0,Tornado
201209110000,7.595249491669484,1.0,1,Hail
201209110000,31.25043104450186,1.0,0,Thunderstorm Wind
201209130000,25.521180096517025,0.9911967366335328,0,Tornado
201209140000,11.143157822869046,1.0,1,Thunderstorm Wind
201209160000,2.9464437108027397,1.0000000000000002,1,Thunderstorm Wind
201209190000,22.971860379565925,1.0,1,Hail
201209280000,4.18215495898467,1.0,1,Hail
201209290000,20.593337265693357,1.0,1,Hail
201210020000,13.195116067142942,1.0,1,Thunderstorm Wind
201210030000,26.616286991320862,1.0,0,Hail
201210030000,24.62101464825137,0.9999999999999999,1,Thunderstorm Wind
201210040000,8.100072451717026,1.0,1,Thunderstorm Wind
201210100000,27.16991390329947,1.0,0,Hail
201210140000,15.013996239526898,1.0,1,Tornado
201210190000,14.17211057680512,1.0,1,Hail
201210210000,25.355846614382816,1.0,0,Thunderstorm Wind
201210240000,25.410481061129747,1.0,0,Thunderstorm Wind
201210300000,17.608555869130402,1.0,1,Hail
201211090000,11.493985138034533,1.0,1,Tornado
201211200000,18.41798826961951,1.0,1,Thunderstorm Wind
201211300000,7.755200860305547,1.0000000000000002,1,Tornado
201212040000,24.600472383102034,1.0,1,Hail
201212080000,25.81375106665982,1.0,0,Thunderstorm Wind
201212140000,18.592976781152064,1.0,1,Hail
201212160000,26.62963196577332,1.0,0,Hail
201212160000,26.62963196577332,1.0,0,Thunderstorm Wind
201212200000,24.114546623132483,1.0,1,Tornado
201212220000,22.112797542210608,1.0,1,Tornado
201212260000,9.662307786420218,1.0,1,Tornado
201212280000,9.77860931972894,1.0,1,Thunderstorm Wind
201301100000,34.07559145583719,1.0,0,Tornado
201301300000,9.404244557851595,1.0,1,Hail
201301310000,23.370044830590068,1.0,1,Thunderstorm Wind
201302060000,18.27320286919512,1.0,1,Thunderstorm Wind
201302070000,23.643472828957762,1.0,1,Thunderstorm Wind
201302110000,15.162343402669556,1.0,1,Thunderstorm Wind
201302140000,20.255561075726987,1.0,1,Tornado
201302170000,21.983680167880244,1.0,1,Thunderstorm Wind
201302220000,16.087079843656156,1.0,1,Thunderstorm Wind
201302240000,19.32329973940999,1.0,1,Tornado
201303030000,25.26371891743314,0.0,0,Tornado
201303050000,19.893743863399603,1.0,1,Tornado
201303160000,18.95693105306554,1.0,1,Hail
201303190000,5.883151648932925,1.0,1,Tornado
201303210000,7.357858415371165,1.0,1,Tornado
201303220000,35.48978602713562,1.0,0,Thunderstorm Wind
201303240000,25.118053566891803,1.0,0,Tornado
201303290000,23.23627159788594,1.0,1,Thunderstorm Wind
201304010000,19.57698106470637,1.0,1,Tornado
201304070000,21.554299189018472,1.0,1,Tornado
201304130000,21.774104020151256,1.0,1,Tornado
201304130000,14.1646207063929,1.0,1,Hail
201304210000,13.693677325165716,1.0,1,Hail
201304250000,12.88565945765374,1.0,1,Hail
201304250000,20.227893675078885,1.0,1,Thunderstorm Wind
201304260000,31.30052349873204,1.0,0,Tornado
201305020000,14.49811847898143,1.0,1,Tornado
201305020000,11.210683964010464,1.0,1,Thunderstorm Wind
201305040000,20.56709719190791,1.0,1,Tornado
201305050000,25.653303265016582,1.0,0,Hail
201305060000,7.701777247676329,0.0,1,Tornado
201305070000,15.080767290933581,1.0,1,Tornado
201305070000,26.148365620508855,1.0,0,Thunderstorm Wind
201305130000,15.77533346639315,1.0,1,Hail
201305250000,29.065070036386743,1.0,0,Tornado
201306140000,22.133954376198627,1.0,1,Tornado
201306160000,28.944762833224154,1.0,0,Tornado
201307050000,7.903068423453157,1.0,1,Tornado
201307060000,11.270280729947123,1.0,1,Tornado
201307070000,19.35569993154099,1.0,1,Tornado
201307120000,21.33148143921633,1.0,1,Tornado
201307130000,14.653512282112285,1.0,1,Tornado
201307170000,16.181325674734808,1.0,1,Tornado
201307200000,11.31996002791336,1.0000000000000002,1,Tornado
201307300000,1.657718636785272,0.9999999999999999,1,Tornado
201307310000,14.215860316723386,1.0,1,Tornado
201308110000,4.88780028069578,1.0,1,Tornado
201308210000,11.71235320920323,1.0,1,Tornado
201308260000,18.394139866409663,1.0,1,Tornado
201308310000,25.308374275394858,1.0,0,Tornado
201309070000,15.372491786241728,1.0000000000000002,1,Tornado
201309090000,14.617506441427809,1.0,1,Hail
201309100000,20.011258048663773,1.0,1,Tornado
201309120000,27.554001646250832,1.0,0,Tornado
201309150000,30.85017752713532,1.0000000000000002,0,Tornado
201309160000,15.495723472870644,1.0,1,Tornado
201309180000,10.264079541551185,1.0,1,Tornado
201309240000,26.510444721300303,1.0,0,Hail
201309270000,27.76881786863478,1.0,0,Hail
201309300000,22.47834939350198,1.0,1,Tornado
201310010000,10.416758547299166,0.998793460981787,1,Tornado
201310050000,26.17080842981523,1.0,0,Hail
201310070000,21.220899996017632,1.0,1,Tornado
201310080000,10.557056291433184,1.0,1,Tornado
201310110000,24.25446045225668,1.0,1,Tornado
201310110000,17.543265519265525,1.0,1,Thunderstorm Wind
201310120000,24.764853206069244,1.0,1,Tornado
201310120000,25.331273260220378,1.0,0,Hail
201310130000,12.037569510637024,1.0,1,Thunderstorm Wind
201310180000,22.05001551552959,1.0,1,Tornado
201310180000,23.996065843172875,1.0,1,Hail
201310210000,28.48061296142738,1.0,0,Tornado
201310250000,25.84535512209258,1.0,0,Hail
201310280000,12.106021250235463,1.0,1,Thunderstorm Wind
201311040000,3.009338978218989,1.0,1,Tornado
201311160000,19.269083937923668,1.0,1,Thunderstorm Wind
201311270000,6.5065484569914895,1.0,1,Thunderstorm Wind
201312140000,20.98180774320164,1.0,1,Tornado
201312150000,1372.3015120959383,1.2086809693474718,0,Thunderstorm Wind
201312200000,25.087430392702768,1.0,0,Thunderstorm Wind
201312210000,7.346997559090363,1.0,1,Hail
201312230000,15.391091381821322,1.0,1,Thunderstorm Wind
201312280000,22.108863615849984,1.0,1,Thunderstorm Wind
201312290000,29.476320435449306,1.0,0,Thunderstorm Wind
201401090000,5.589201205209743,1.0,1,Thunderstorm Wind
201401110000,21.08290062303021,1.0,1,Hail
201402190000,3.2243645572986814,1.0,1,Thunderstorm Wind
201402270000,33.12063154412034,1.0000000000000002,0,Thunderstorm Wind
201402280000,10.766364580642641,1.0,1,Tornado
201402280000,10.143244903473551,1.0000000000000002,1,Hail
201403010000,20.634981844078652,1.0,1,Tornado
201403250000,22.945931855098955,1.0,1,Tornado
201403260000,22.985434117016805,1.0000000000000002,1,Thunderstorm Wind
201403280000,4.237046481664189,1.0,1,Tornado
201403310000,27.984676459381934,1.0,0,Thunderstorm Wind
201404050000,23.706775770094794,1.0,1,Thunderstorm Wind
201404070000,28.338695108564913,1.0,0,Hail
201404110000,16.55876544771449,1.0,1,Thunderstorm Wind
201404220000,15.275774262278057,1.0,1,Hail
201404260000,20.143840672724963,1.0,1,Thunderstorm Wind
201404300000,17.36922076295949,1.0,1,Hail
201405010000,14.143279528137025,1.0,1,Thunderstorm Wind
201405160000,24.44980009623534,0.0,1,Hail
201405190000,13.24082306896476,1.0000000000000002,1,Thunderstorm Wind
201405200000,23.92436597737579,1.0000000000000002,1,Tornado
201406020000,12.743966494742521,1.0,1,Tornado
201406150000,23.80509647489708,1.0,1,Thunderstorm Wind
201406200000,22.460278505583844,1.0000000000000002,1,Tornado
201407020000,28.591103039597897,1.0,0,Tornado
201407040000,21.39277094664651,1.0,1,Tornado
201407100000,11.822040259389896,1.0,1,Tornado
201407140000,19.337606595815693,1.0,1,Tornado
201407150000,25.33698845916908,1.0,0,Tornado
201407230000,24.98314091370807,1.0,1,Tornado
201407250000,22.69177058655258,1.0,1,Tornado
201408040000,21.082800917226994,1.0000000000000002,1,Tornado
201408060000,12.472909290651355,1.0000000000000002,1,Tornado
201408120000,20.45670099242162,1.0,1,Tornado
201408130000,22.429139676601896,1.0,1,Tornado
201408160000,8.562374091351055,1.0,1,Tornado
201408160000,19.33162311733311,1.0,1,Hail
201408180000,20.3972739764462,1.0,1,Tornado
201408230000,19.046028225429893,1.0,1,Hail
201408250000,11.125396822687946,1.0,1,Tornado
201409060000,16.892967490814456,1.0,1,Tornado
201409060000,17.90312953754849,1.0,1,Hail
201409070000,15.877635090711697,1.0,1,Tornado
201409080000,22.281350973052433,1.0,1,Tornado
201409080000,19.750451427194964,1.0,1,Hail
201409110000,20.505372904962783,1.0,1,Hail
201409130000,5.873782305227037,1.0,1,Thunderstorm Wind
201409210000,11.692928544365602,1.0,1,Thunderstorm Wind
201409250000,11.68675233528331,1.0,1,Hail
201409270000,24.098764038105422,1.0,1,Tornado
201409270000,5.385667438373395,1.0,1,Hail
201409300000,25.51484232389786,1.0000000000000002,0,Tornado
201410050000,23.305302464886314,1.0,1,Tornado
201410090000,14.843629274421676,1.0,1,Tornado
201410090000,12.340871793033134,1.0,1,Thunderstorm Wind
201410100000,29.428559471693312,1.0,0,Tornado
201410190000,23.78251260445238,1.0,1,Hail
201410190000,29.35852080819759,1.0,0,Thunderstorm Wind
201410210000,18.29476066321566,1.0,1,Thunderstorm Wind
201410230000,18.67214902234329,1.0,1,Tornado
201410240000,27.414548652976144,1.0,0,Hail
201410250000,23.834108850020495,1.0,1,Hail
201410270000,18.703752423217562,1.0,1,Thunderstorm Wind
201410300000,15.352060793262591,1.0,1,Thunderstorm Wind
201411020000,16.767789676363137,1.0,1,Thunderstorm Wind
201411240000,24.04223759054614,1.0,1,Hail
201411250000,18.515249624842237,1.0,1,Thunderstorm Wind
201412120000,19.400067425237253,1.0,1,Tornado
201412290000,12.832204816458457,1.0,1,Tornado
201501180000,27.773720208915968,1.0,0,Tornado
201502040000,24.17150086196011,1.0,1,Thunderstorm Wind
201502050000,17.945501881496785,1.0,1,Thunderstorm Wind
201502230000,11.694336770832358,1.0000000000000002,1,Tornado
201502280000,13.855437112268506,1.0,1,Thunderstorm Wind
201503180000,31.543378756950275,1.0,0,Hail
201503230000,16.661390522021478,1.0,1,Hail
201503230000,15.922078060124818,1.0,1,Thunderstorm Wind
201503240000,20.705571777228453,1.0,1,Tornado
201503300000,22.009869150642725,1.0,1,Hail
201504110000,15.559257985196325,1.0,1,Thunderstorm Wind
201504140000,10.46749035792456,1.0,1,Tornado
201504210000,20.068077161320936,1.0,1,Tornado
201504290000,20.851942263206258,1.0,1,Thunderstorm Wind
201504300000,13.6779355189362,1.0000000000000002,1,Hail
201505170000,19.0237079640771,1.0,1,Tornado
201505210000,11.415112705048948,1.0,1,Tornado
201505220000,3.5213329170317245,1.0,1,Tornado
201505300000,13.984263970695013,1.0,1,Tornado
201505310000,29.059757156664237,1.0,0,Tornado
201506010000,6.7290374671441295,1.0,1,Tornado
201506020000,6.7611377832654105,1.0000000000000002,1,Tornado
201506080000,21.641659912097477,1.0,1,Tornado
201506260000,19.12126768554768,1.0,1,Tornado
201506290000,8.900748017275934,1.0,1,Tornado
201507060000,22.502095748240983,1.0,1,Hail
201507190000,21.02159725726247,1.0000000000000002,1,Tornado
201507200000,21.56731773401778,1.0,1,Tornado
201507210000,19.29736308334023,1.0,1,Tornado
201507240000,24.635568491564893,1.0,1,Tornado
201507300000,15.762456357134221,1.0,1,Tornado
201507310000,2.444725821441274,1.0,1,Tornado
201508040000,24.08028583166143,1.0,1,Tornado
201508090000,29.60256226896064,1.0000000000000002,0,Tornado
201508130000,29.28856810884382,1.0,0,Tornado
201508160000,13.220044582367974,1.0,1,Tornado
201508200000,25.588478847671762,1.0,0,Tornado
201508200000,34.112341424216936,1.0,0,Hail
201508230000,24.660735029181662,1.0,1,Hail
201508280000,24.95157461169158,1.0,1,Tornado
201508290000,19.947158682927505,1.0,1,Tornado
201509080000,18.52048498355739,1.0,1,Tornado
201509120000,16.51683417249715,1.0,1,Tornado
201509140000,17.280369699051676,1.0,1,Hail
201509160000,15.869968502640008,1.0,1,Tornado
201509160000,18.36544456109174,1.0000000000000002,1,Thunderstorm Wind
201509210000,29.364357780602827,1.0,0,Thunderstorm Wind
201509220000,18.153156097493813,1.0,1,Tornado
201509230000,17.330698386129463,1.0,1,Tornado
201509240000,19.39363327568114,1.0,1,Tornado
201509240000,8.878870585758282,1.0,1,Thunderstorm Wind
201509250000,25.919517051105238,1.0,0,Thunderstorm Wind
201510010000,23.95174250103249,1.0,1,Tornado
201510020000,16.172103261500773,1.0,1,Thunderstorm Wind
201510030000,24.32173786353807,1.0,1,Thunderstorm Wind
201510040000,4.752127283076719,1.0,1,Thunderstorm Wind
201510050000,20.89766663665889,1.0,1,Thunderstorm Wind
201510060000,6.678602265108042,1.0,1,Tornado
201510070000,20.011184603577735,1.0,1,Tornado
201510090000,22.788117809728007,1.0,1,Hail
201510130000,3.9469676219657748,1.0,1,Thunderstorm Wind
201510140000,24.45218380534037,1.0,1,Thunderstorm Wind
201510150000,3.058052913720602,1.0,1,Thunderstorm Wind
201510170000,23.473420032333294,1.0000000000000002,1,Tornado
201510200000,18.151411558667316,1.0,1,Tornado
201510230000,23.58227372601985,1.0,1,Hail
201510240000,31.740142397378374,1.0,0,Tornado
201510270000,10.711858226315034,1.0,1,Thunderstorm Wind
201510300000,25.665437252995776,1.0,0,Hail
201511040000,18.007138074876988,1.0,1,Thunderstorm Wind
201511120000,21.13086494295069,1.0,1,Thunderstorm Wind
201511150000,25.881078333353763,1.0,0,Tornado
201511150000,14.292168915885911,1.0,1,Hail
201511150000,24.619229401026374,1.0,1,Thunderstorm Wind
201512100000,9.559354982817462,1.0,1,Tornado
201512170000,25.649161358347126,1.0,0,Thunderstorm Wind
201512220000,24.831984422045338,1.0,1,Tornado
201512220000,22.94170426197644,1.0,1,Thunderstorm Wind
201512250000,24.22350498903391,1.0,1,Hail
201512290000,18.762826751932963,1.0,1,Hail
201512300000,26.108547920384165,1.0,0,Thunderstorm Wind
201512310000,24.926196643218653,1.0,1,Thunderstorm Wind
201601070000,21.069279053783518,1.0,1,Tornado
201601090000,10.93395701925227,1.0,1,Tornado
201601150000,7.058337423423367,1.0,1,Tornado
201601170000,5.771150072847654,1.0,1,Tornado
201601170000,25.673498540782635,1.0,0,Thunderstorm Wind
201601190000,13.909935827079766,1.0,1,Thunderstorm Wind
201601220000,7.298091891607993,1.0,1,Thunderstorm Wind
201601260000,11.544483670106873,1.0,1,Hail
201601270000,8.66334825792529,1.0,1,Tornado
201601280000,16.43093737666935,1.0,1,Tornado
201601310000,6.119221607489152,1.0,1,Hail
201602020000,23.62852874029337,1.0,1,Hail
201602210000,13.495750157268013,1.0,1,Thunderstorm Wind
201602220000,4.0884026999159575,1.0,1,Tornado
201603030000,15.59428981160944,1.0,1,Tornado
201603060000,9.139669735181194,1.0,1,Hail
201603070000,23.066843084657357,1.0,1,Tornado
201603100000,19.105694324678787,1.0,1,Tornado
201603110000,31.977127681999182,1.0000000000000002,0,Thunderstorm Wind
201603120000,29.721229802424528,1.0,0,Tornado
201603190000,17.60172888585302,1.0,1,Tornado
201603190000,11.055357680844823,1.0,1,Thunderstorm Wind
201603210000,20.20592861149695,1.0,1,Hail
201604050000,13.131154828842805,1.0,1,Thunderstorm Wind
201604110000,22.868106713409993,1.0,1,Tornado
201604120000,23.02516518204658,0.0,1,Tornado
201604130000,21.52924961239189,1.0,1,Thunderstorm Wind
201604150000,25.883036093290638,1.0,0,Thunderstorm Wind
201604170000,15.969133988543062,1.0,1,Thunderstorm Wind
201604220000,26.302121235175665,1.0,0,Tornado
201604230000,23.643936863071453,1.0,1,Hail
201604250000,23.039152068156636,1.0000000000000002,1,Tornado
201604300000,24.194759079401013,1.0,1,Tornado
201605010000,25.978988807743868,1.0,0,Tornado
201605050000,20.51776043170485,1.0,1,Tornado
201605180000,12.149522458153967,1.0,1,Thunderstorm Wind
201605190000,5.989055934085739,1.0,1,Tornado
201605200000,16.231162067202895,1.0,1,Tornado
201606050000,17.44940882305835,1.0,1,Tornado
201606060000,23.02613619894965,1.0,1,Tornado
201606080000,11.602909333866334,1.0,1,Tornado
201606100000,21.338659890682777,1.0,1,Tornado
201606110000,29.261004741997418,1.0000000000000002,0,Tornado
201606150000,4.662919214017802,0.0,1,Tornado
201606230000,13.717245847331649,0.0,1,Tornado
201606260000,27.82387811116984,1.0,0,Tornado
201607090000,26.946769221200217,1.0000000000000002,0,Tornado
201607120000,22.638955777943394,1.0,1,Tornado
201607130000,21.70522906688634,1.0,1,Tornado
201607140000,23.772133602738226,1.0,1,Tornado
201607200000,15.230086867145785,1.0000000000000002,1,Tornado
201607280000,21.07683458980497,1.0,1,Tornado
201607290000,21.6552942576718,1.0000000000000002,1,Tornado
201607300000,16.349901319710117,1.0,1,Tornado
201607310000,23.9950125762924,1.0,1,Tornado
201608050000,27.3414368799591,1.0,0,Hail
201608070000,22.152072401015783,1.0,1,Tornado
201608140000,16.032485174331168,0.0,1,Tornado
201608160000,28.524959845035323,1.0,0,Tornado
201608180000,21.0025035372922,1.0,1,Tornado
201608190000,12.164164241683713,0.0,1,Tornado
201608210000,13.965494861024816,1.0,1,Tornado
201608250000,5.774022635398383,1.0,1,Tornado
201609060000,5.7675432285189085,1.0,1,Tornado
201609070000,23.267780342971662,1.0,1,Tornado
201609110000,8.82156049851444,1.0,1,Hail
201609130000,24.23461600577307,1.0,1,Tornado
201609140000,20.090870150172613,1.0,1,Tornado
201609160000,15.04112266339521,1.0,1,Tornado
201609210000,21.470513721848093,1.0,1,Tornado
201610010000,16.46758259024405,1.0,1,Thunderstorm Wind
201610050000,5.578486352000108,1.0,1,Hail
201610070000,27.558265803805238,1.0,0,Tornado
201610080000,25.69439647074178,1.0,0,Tornado
201610080000,6.5549007114383615,1.0,1,Hail
201610090000,16.123597842935705,1.0,1,Hail
201610100000,18.925754157663107,1.0,1,Hail
201610140000,16.482300673491324,1.0,1,Hail
201610160000,15.041003128895271,1.0,1,Hail
201610300000,24.279858073333738,1.0,1,Hail
201611040000,7.094987540559301,1.0,1,Thunderstorm Wind
201611060000,21.03128937421514,1.0,1,Hail
201611070000,21.768303163496558,1.0,1,Hail
201611070000,17.253105255738213,1.0,1,Thunderstorm Wind
201611180000,7.093939843965011,0.9911967366335328,1,Tornado
201611220000,5.025565600150739,1.0,1,Tornado
201611270000,13.032556405964257,1.0,1,Hail
201611270000,31.039868631895068,1.0,0,Thunderstorm Wind
201612040000,14.259246218162938,1.0,1,Hail
201612050000,23.809219982381165,1.0,1,Tornado
201612130000,9.683647907139633,1.0,1,Thunderstorm Wind
201612260000,17.154958387892822,1.0,1,Tornado
201612260000,15.821064901057477,1.0,1,Thunderstorm Wind
201612280000,16.033755917231655,1.0,1,Tornado
201612280000,18.5794442514141,1.0,1,Thunderstorm Wind
201612290000,7.643250881375648,1.0,1,Thunderstorm Wind
201612310000,8.358488113798376,1.0,1,Thunderstorm Wind
201701060000,9.571947001941743,1.0,1,Tornado
201701090000,15.411056133531691,1.0,1,Tornado
201701100000,4.428851501080441,1.0,1,Tornado
201701130000,6.435942403041563,1.0,1,Tornado
201701180000,29.692811275280835,1.0,0,Tornado
201701180000,11.199828369636649,1.0,1,Thunderstorm Wind
201701230000,23.361211594604292,1.0,1,Hail
201702170000,10.955959088226585,1.0,1,Thunderstorm Wind
201702210000,9.367047297252952,1.0,1,Hail
201702210000,10.064985243330831,1.0,1,Thunderstorm Wind
201702220000,17.28370934216675,1.0,1,Hail
201703050000,29.478756552210786,1.0,0,Thunderstorm Wind
201703110000,12.098328153427142,1.0,1,Tornado
201703130000,13.83878127247477,1.0,1,Thunderstorm Wind
201703160000,15.105714272114092,1.0,1,Hail
201703180000,24.764848293622798,1.0,1,Hail
201703190000,13.720389307837475,1.0,1,Tornado
201703220000,26.713118822758396,1.0000000000000002,0,Hail
201703230000,30.562421836522947,1.0,0,Tornado
201703250000,22.146384018301063,1.0,1,Tornado
201704010000,19.917634266919457,1.0,1,Thunderstorm Wind
201704080000,19.2538626472304,1.0,1,Hail
201704080000,13.837118974092547,1.0,1,Thunderstorm Wind
201704120000,22.341850782027443,0.0,1,Tornado
201704120000,7.3636238953012825,1.0,1,Thunderstorm Wind
201704180000,14.029731316144012,1.0,1,Tornado
201704210000,24.129889663263068,1.0,1,Tornado
201704230000,31.19004038065052,1.0,0,Hail
201704240000,11.124599970818617,1.0,1,Hail
201704240000,27.32662269828568,1.0,0,Thunderstorm Wind
201705020000,31.42798298962195,1.0,0,Tornado
201705070000,30.535628731872592,1.0,0,Tornado
201705130000,22.996946813765877,1.0,1,Hail
201705150000,22.13422840740911,1.0,1,Tornado
201706060000,26.567975980931894,1.0,0,Tornado
201706110000,20.041287097356584,1.0,1,Tornado
201706170000,14.635003511217896,1.0,1,Tornado
201706260000,25.262064966962605,1.0,0,Tornado
201706290000,21.93039297555885,1.0000000000000002,1,Tornado
201707020000,13.688794077871753,1.0,1,Tornado
201707080000,24.339878406636686,0.0,1,Tornado
201707120000,22.06689299257166,1.0,1,Tornado
201707140000,21.929648152050525,1.0,1,Tornado
201707240000,22.633853475947276,1.0,1,Tornado
201707250000,13.393028230099404,1.0,1,Tornado
201707260000,20.71178290301223,1.0,1,Tornado
201707270000,23.548775915433726,1.0,1,Tornado
201707280000,27.263553449771123,1.0,0,Hail
201707310000,18.323109328594942,1.0,1,Tornado
201708020000,26.271585648457403,1.0,0,Tornado
201708090000,21.044769649308307,1.0,1,Tornado
201708130000,26.409490213775847,1.0,0,Tornado
201708150000,9.87540832654572,1.0000000000000002,1,Tornado
201708230000,18.40404153935,1.0000000000000002,1,Hail
201708280000,18.369634424962886,1.0,1,Hail
201708310000,27.783635037772257,1.0,0,Hail
201709030000,30.054010964891184,1.0,0,Hail
201709090000,14.93187519076013,1.0000000000000002,1,Thunderstorm Wind
201709120000,14.364573896456521,1.0,1,Thunderstorm Wind
201709130000,20.01041744575278,1.0,1,Tornado
201709150000,22.0983708966626,1.0,1,Tornado
201709210000,14.259576102301589,1.0,1,Tornado
201709250000,34.21082062051497,1.0,0,Tornado
201709260000,24.14661220128526,1.0,1,Thunderstorm Wind
201709290000,21.001430952282508,1.0,1,Thunderstorm Wind
201709300000,22.42683268966727,1.0,1,Tornado
201709300000,18.890425503112088,1.0,1,Thunderstorm Wind
201710050000,9.48867258110099,1.0,1,Hail
201710050000,24.70382669836167,1.0,1,Thunderstorm Wind
201710100000,25.27921149158859,1.0,0,Hail
201710110000,16.608205394316204,1.0,1,Thunderstorm Wind
201710130000,10.583423272585266,1.0,1,Hail
201710160000,14.105671048989091,1.0,1,Thunderstorm Wind
201710190000,19.394559151907576,1.0,1,Tornado
201710190000,24.73810946634329,1.0,1,Hail
201710190000,19.63681855500586,1.0,1,Thunderstorm Wind
201710240000,14.726789757588794,1.0,1,Tornado
201710280000,22.85079174618892,1.0,1,Thunderstorm Wind
201710310000,6.770972048710701,1.0,1,Tornado
201711020000,11.930940005063542,1.0,1,Hail
201711170000,20.688429832310938,1.0,1,Tornado
201711220000,24.47500316236914,1.0,1,Tornado
201712080000,22.384061481801485,1.0,1,Thunderstorm Wind
201712200000,20.454616492663124,1.0,1,Hail
201712220000,23.040318479215255,1.0,1,Thunderstorm Wind
201712230000,5.838223764564152,1.0,1,Thunderstorm Wind
201801110000,19.356820504775147,1.0,1,Hail
201801110000,24.09500544366857,1.0,1,Thunderstorm Wind
201801120000,20.569903840483036,1.0,1,Tornado
201801170000,23.061163757234826,1.0,1,Thunderstorm Wind
201801180000,18.834702390439066,1.0,1,Hail
201801250000,24.628689675039876,1.0,1,Tornado
201802040000,3.7768460429571045,1.0,1,Thunderstorm Wind
201802070000,23.822920097398082,1.0,1,Hail
201802120000,19.413481146783397,1.0000000000000002,1,Tornado
201802150000,22.312862073567874,1.0,1,Tornado
201802180000,1224.8145341508114,1.2086809693474718,0,Thunderstorm Wind
201802190000,25.802964276292137,1.0,0,Thunderstorm Wind
201802210000,24.554728823396143,1.0,1,Hail
201802220000,28.010465670072033,1.0,0,Hail
201802280000,28.412908068629417,1.0,0,Tornado
201803030000,20.18045874115077,1.0,1,Tornado
201803050000,3.9179865144754564,1.0,1,Thunderstorm Wind
201803110000,22.708108386168586,1.0,1,Tornado
201803110000,17.997655316024474,1.0,1,Hail
201803210000,23.903138567088213,1.0,1,Tornado
201803220000,25.047678199264173,1.0000000000000002,0,Tornado
201803310000,30.753959597546615,1.0,0,Tornado
201804010000,22.12675625232341,1.0,1,Hail
201804070000,9.81391219900966,1.0,1,Hail
201804100000,22.074275899001062,1.0,1,Thunderstorm Wind
201804110000,23.743254855423597,1.0,1,Thunderstorm Wind
201804210000,14.577651553260434,1.0,1,Thunderstorm Wind
201804230000,20.2041617657701,1.0,1,Tornado
201804250000,25.33074123118896,1.0,0,Hail
201804250000,18.946087468531413,1.0,1,Thunderstorm Wind
201804270000,2.1182737532181504,1.0,1,Tornado
201805080000,14.336604945800568,1.0,1,Tornado
201805160000,21.503011818464838,1.0,1,Tornado
201805170000,19.656730613249646,1.0,1,Tornado
201805200000,17.4463848334402,1.0,1,Tornado
201805220000,16.254030780001294,1.0,1,Tornado
201805240000,10.150128081574849,1.0,1,Tornado
201806070000,21.220060146248354,1.0000000000000002,1,Tornado
201806120000,22.210536876297997,1.0,1,Tornado
201806150000,26.433711864880834,1.0,0,Tornado
201807100000,25.928609062613848,1.0,0,Tornado
201807120000,14.332536048467812,1.0,1,Tornado
201807130000,17.236267117833616,0.9999999999999999,1,Tornado
201807170000,17.273670617153535,1.0,1,Tornado
201807210000,11.724918332880314,1.0,1,Tornado
201807220000,26.47871402880882,1.0,0,Tornado
201807260000,16.394191816317065,1.0000000000000002,1,Tornado
201808080000,20.281763056972963,1.0,1,Tornado
201808110000,29.513168114068957,1.0,0,Tornado
201808140000,11.750753241361926,1.0,1,Tornado
201808150000,15.426726921423604,1.0,1,Tornado
201808170000,27.280306079590392,1.0,0,Tornado
201809020000,5.059903837771065,0.0,1,Tornado
201809050000,15.12308541802215,1.0,1,Tornado
201809060000,23.672184308175986,1.0,1,Tornado
201809090000,13.678523292532873,1.0,1,Tornado
201809110000,17.488495024260505,1.0000000000000002,1,Thunderstorm Wind
201809150000,5.899311026058473,1.0,1,Thunderstorm Wind
201809160000,12.422035849080379,1.0,1,Thunderstorm Wind
201809190000,25.033954044242797,1.0,0,Tornado
201809190000,29.319162711902102,1.0,0,Hail
201809240000,20.79175261670884,1.0,1,Tornado
201809240000,23.372199935768478,1.0,1,Thunderstorm Wind
201810040000,16.044531710200395,1.0,1,Hail
201810120000,18.538864269502813,1.0,1,Tornado
201810200000,6.764283851634474,1.0,1,Tornado
201810210000,12.043316524028539,1.0,1,Tornado
201810210000,18.933097465224957,1.0,1,Thunderstorm Wind
201810290000,22.005492653391347,1.0,1,Thunderstorm Wind
201810300000,12.47258959034393,1.0,1,Thunderstorm Wind
201811020000,9.01053342727688,1.0,1,Hail
201811040000,13.603388863129409,1.0,1,Thunderstorm Wind
201811130000,12.397746923438032,1.0,1,Thunderstorm Wind
201811230000,0.6985516417072457,1.0,1,Thunderstorm Wind
201811250000,15.122789637246202,1.0,1,Hail
201812020000,15.21541314994251,1.0,1,Hail
201812070000,23.785990205779125,1.0,1,Thunderstorm Wind
201812080000,14.729302901543235,1.0,1,Thunderstorm Wind
201812180000,21.228269970078617,1.0,1,Tornado
201812210000,24.277671219011403,1.0,1,Hail
201812270000,6.834280569775445,1.0,1,Hail
201812300000,24.069118265494264,1.0,1,Thunderstorm Wind
201901170000,17.44188202063072,1.0000000000000002,1,Tornado
201901180000,13.318144552831974,0.0,1,Tornado
201901190000,10.08971288814106,1.0,1,Hail
201901230000,25.712527580647212,1.0,0,Tornado
201901240000,27.292475155776632,1.0,0,Tornado
201901270000,22.329689230423885,1.0,1,Tornado
201901270000,22.532427104768754,1.0,1,Thunderstorm Wind
201902020000,18.386749902061627,1.0,1,Hail
201902020000,22.76522233710421,1.0,1,Thunderstorm Wind
201902070000,12.906817371688103,1.0,1,Hail
201902110000,7.080077277105158,1.0,1,Tornado
201902150000,34.94085792836712,1.0000000000000002,0,Tornado
201902170000,10.187118594894242,1.0,1,Tornado
201902200000,18.665623221988707,1.0,1,Hail
201902210000,8.55643965572186,1.0,1,Thunderstorm Wind
201902270000,21.656326016816024,1.0,1,Thunderstorm Wind
201903010000,30.755290860729453,1.0,0,Tornado
201903020000,15.15833465785303,1.0000000000000002,1,Tornado
201903210000,13.074942831619392,1.0,1,Thunderstorm Wind
201903280000,11.172277892040382,1.0,1,Thunderstorm Wind
201903290000,23.015339319508705,1.0,1,Tornado
201903290000,23.61834471748902,1.0,1,Thunderstorm Wind
201904050000,27.17114066589943,1.0,0,Thunderstorm Wind
201904080000,12.620613360865656,1.0,1,Tornado
201904110000,22.77286622574413,1.0,1,Tornado
201904150000,21.62830002730486,1.0,1,Thunderstorm Wind
201904180000,32.65400521403645,1.0,0,Hail
201904200000,33.520997480185486,1.0,0,Thunderstorm Wind
201904270000,21.760149239078313,0.0,1,Tornado
201904270000,27.24529710387729,1.0,0,Thunderstorm Wind
201905120000,18.349338952315545,1.0,1,Tornado
201905120000,20.52988143803295,1.0,1,Hail
201905310000,25.087468505045294,1.0,0,Tornado
201906010000,13.725272533257625,1.0,1,Tornado
201906100000,25.66013292813761,1.0,0,Hail
201906110000,21.482236716534466,1.0,1,Tornado
201906120000,17.14709769832627,1.0,1,Tornado
201906140000,21.66711370941196,1.0,1,Tornado
201906290000,17.551193026837637,1.0000000000000002,1,Tornado
201907100000,13.449614383580512,1.0,1,Tornado
201907110000,26.25130612208915,1.0,0,Tornado
201907130000,12.933244798147438,1.0,1,Tornado
201907150000,24.324088005026024,1.0,1,Tornado
201907210000,24.434700879992015,0.0,1,Tornado
201907220000,22.36834395967133,1.0,1,Tornado
201907250000,23.664970219619754,1.0000000000000002,1,Hail
201907260000,20.50021173285519,1.0,1,Tornado
201907270000,31.34260454205695,0.9977664133286488,0,Tornado
201907300000,22.528728462869395,1.0,1,Tornado
201908020000,20.27203930382831,1.0000000000000002,1,Tornado
201908040000,22.76588993146882,1.0,1,Tornado
201908080000,22.829897736362106,0.0,1,Tornado
201908220000,19.772164516607567,1.0,1,Tornado
201908240000,8.691395679964188,0.0,1,Tornado
201909010000,9.030288908600491,1.0,1,Tornado
201909030000,26.26932842751793,1.0,0,Tornado
201909030000,21.742258235998907,1.0,1,Hail
201909060000,16.608924511785677,1.0,1,Tornado
201909160000,24.14531349006674,1.0,1,Tornado
201909180000,6.1403454997843365,1.0,1,Tornado
201909190000,6.465205891545583,1.0,1,Tornado
201909220000,25.695806177837433,1.0,0,Tornado
201909250000,26.773954065803732,1.0,0,Tornado
201909260000,13.281383012998376,1.0,1,Hail
201909260000,24.327377744964714,1.0,1,Thunderstorm Wind
201909280000,14.439895662843815,1.0,1,Tornado
201909290000,20.931925844206756,1.0,1,Tornado
201909300000,23.013232941033415,0.9911967366335328,1,Tornado
201910020000,27.622744297226497,1.0,0,Tornado
201910040000,8.415850368537853,0.0,1,Tornado
201910070000,21.7607159722267,1.0,1,Thunderstorm Wind
201910080000,23.94158832065665,0.0,1,Tornado
201910090000,10.692255351452534,1.0,1,Thunderstorm Wind
201910150000,27.3654664141061,1.0,0,Tornado
201910160000,25.128473574258837,1.0,0,Thunderstorm Wind
201910180000,19.710044318890823,1.0,1,Thunderstorm Wind
201910210000,27.595759724401788,1.0,0,Tornado
201910240000,25.65055870674294,1.0,0,Thunderstorm Wind
201910290000,20.907896564596594,1.0,1,Hail
201911050000,13.23479553102254,1.0,1,Tornado
201911070000,18.40948271219355,1.0,1,Tornado
201912090000,15.552503943474939,1.0,1,Thunderstorm Wind
201912150000,20.83003082383229,1.0,1,Hail
201912250000,26.836809355434898,1.0,0,Tornado
201912270000,27.595574945946478,1.0,0,Tornado
202001030000,26.197554849091016,1.0,0,Thunderstorm Wind
202001130000,27.22329505867421,1.0,0,Hail
202001240000,22.67390698884035,1.0,1,Thunderstorm Wind
202001280000,33.79147485854075,1.0,0,Tornado
202001290000,13.231123974501214,1.0,1,Thunderstorm Wind
202001310000,13.486832930805077,0.0,1,Tornado
202002090000,4.704354435867076,1.0,1,Thunderstorm Wind
202002180000,27.78493900286714,1.0,0,Thunderstorm Wind
202002230000,27.46797948539125,1.0,0,Thunderstorm Wind
202003100000,14.712104599984865,1.0,1,Thunderstorm Wind
202003130000,18.2231398892661,1.0,1,Thunderstorm Wind
202003140000,16.694882769804696,1.0,1,Hail
202003210000,6.383073926188523,1.0,1,Tornado
202003210000,26.76528929234835,1.0,0,Hail
202003230000,28.623269971798727,1.0,0,Hail
202003230000,20.72377409528895,1.0,1,Thunderstorm Wind
202004040000,21.750462424903915,1.0,1,Thunderstorm Wind
202004140000,26.645648805536247,1.0,0,Tornado
202004150000,21.72747072992263,1.0,1,Thunderstorm Wind
202004170000,23.19034111015737,1.0,1,Tornado
202004290000,22.517230194307707,1.0,1,Hail
202004300000,21.567105583897618,1.0,1,Hail
202005030000,11.875602656428939,1.0,1,Tornado
202005080000,2.637851634708644,1.0,1,Tornado
202005090000,8.255093234808896,1.0,1,Thunderstorm Wind
202005130000,12.961413845397285,1.0,1,Tornado
202005290000,22.419901910341615,1.0,1,Tornado
202005290000,32.63406135377077,1.0,0,Hail
202005300000,23.844157678989617,0.0,1,Tornado
202006010000,17.817663085138665,1.0,1,Tornado
202006130000,16.14294926668361,1.0,1,Tornado
202006180000,11.581679311482558,0.0,1,Tornado
202006210000,17.88144697461539,1.0,1,Tornado
202006220000,18.84927736091181,1.0,1,Tornado
202006260000,13.673464659418078,1.0,1,Tornado
202007120000,20.751459645220308,0.0,1,Tornado
202007190000,10.552126615492666,1.0,1,Tornado
202007220000,10.624873150280944,0.0,1,Tornado
202007230000,22.22635356460245,1.0000000000000002,1,Tornado
202007260000,15.629636917452897,0.0,1,Tornado
202007260000,19.840168547031517,1.0,1,Hail
202008080000,2.350434982128012,0.0,1,Tornado
202008110000,15.521533103539198,1.0,1,Tornado
202008210000,26.44246792434741,1.0,0,Tornado
202008230000,23.580001127933034,0.0,1,Tornado
202008260000,16.955561744556526,1.0,1,Tornado
202008300000,9.597776168823062,1.0,1,Tornado
202008310000,22.226761644938083,1.0,1,Tornado
202009030000,9.717560698584931,1.0,1,Tornado
202009070000,0.6753626027570462,1.0,1,Tornado
202009090000,22.969994775676778,1.0,1,Thunderstorm Wind
202009190000,9.115464556413023,1.0,1,Hail
202009300000,15.821741680791472,1.0,1,Thunderstorm Wind
202010090000,5.264997330452715,1.0,1,Thunderstorm Wind
202010190000,24.253220250682713,1.0,1,Thunderstorm Wind
202010230000,7.134520959422078,0.0,1,Tornado
202010280000,31.254027307911343,1.0,0,Tornado
202011070000,24.395455782442575,1.0,1,Thunderstorm Wind
202011090000,11.690041546306286,1.0,1,Thunderstorm Wind
202011110000,25.6915348130451,1.0,0,Tornado
202011140000,24.0555520451623,1.0,1,Tornado
202011250000,31.062393247001285,1.0,0,Tornado
202011260000,18.470985397182698,1.0,1,Hail
202011270000,18.14629848871236,1.0,1,Tornado
202012030000,14.712384534700568,1.0,1,Thunderstorm Wind
202012200000,19.899006049067793,1.0,1,Thunderstorm Wind
202012280000,21.715986611363444,1.0000000000000002,1,Thunderstorm Wind
202012300000,13.64214108886815,1.0,1,Tornado
202101010000,23.733121533583226,1.0,1,Thunderstorm Wind
202101300000,22.2088577149339,1.0,1,Thunderstorm Wind
202101310000,19.514826692965503,1.0,1,Thunderstorm Wind
202102060000,25.102225378130406,1.0,0,Tornado
202102100000,14.704293553482641,1.0,1,Hail
202102130000,16.99886470241417,1.0,1,Tornado
202102140000,15.108602209824038,1.0,1,Tornado
202103110000,22.038527757440242,1.0,1,Hail
202103140000,16.646234599243,1.0,1,Hail
202103140000,19.70162005007102,1.0000000000000002,1,Thunderstorm Wind
202103190000,21.476247046937782,1.0,1,Tornado
202103260000,22.001119148342685,1.0,1,Tornado
202103310000,27.69484118062465,1.0,0,Tornado
202104010000,23.722190581654484,1.0,1,Thunderstorm Wind
202104110000,6.793972637840327,1.0,1,Tornado
202104160000,21.803416051499767,1.0,1,Hail
202104170000,20.559213341257568,1.0,1,Thunderstorm Wind
202104180000,22.262463903538006,1.0,1,Tornado
202104190000,22.840296684552033,1.0,1,Hail
202104250000,22.119782889403144,1.0,1,Tornado
202105070000,7.867754538215483,1.0,1,Tornado
202105130000,26.401874279232366,0.0,0,Tornado
202105140000,15.370929895273191,1.0000000000000002,1,Tornado
202106010000,13.460703530987452,0.0,1,Tornado
202106060000,12.51397667224528,0.0,1,Tornado
202106130000,25.341845047530505,1.0,0,Tornado
202106140000,13.327539828983104,1.0,1,Tornado
202106160000,27.5327048029747,1.0,0,Tornado
202106170000,5.650288122365105,1.0,1,Tornado
202106270000,24.46930577607504,0.0,1,Tornado
202106280000,20.600735152921327,1.0,1,Hail
202106290000,27.75089407326271,1.0000000000000002,0,Tornado
202107020000,27.9986194437146,0.0,0,Tornado
202107110000,8.362280368409776,1.0,1,Tornado
202107120000,17.672592975885735,1.0,1,Tornado
202107180000,8.83036364193588,1.0,1,Tornado
202107200000,17.17353648641051,1.0,1,Tornado
202107230000,6.703195328052058,1.0,1,Tornado
202107310000,5.2601170753319595,1.0,1,Tornado
202108010000,28.699317318843562,1.0,0,Tornado
202108030000,21.563215908867523,1.0,1,Hail
202108120000,6.759753247574374,1.0,1,Tornado
202108130000,19.70985416577831,1.0,1,Tornado
202108170000,16.742507390520785,1.0000000000000002,1,Hail
202108180000,13.47642191330811,1.0000000000000002,1,Hail
202108290000,21.572583277851336,1.0,1,Hail
202109020000,20.583477675620927,1.0000000000000002,1,Tornado
202109070000,6.821078305379412,1.0,1,Tornado
202109090000,24.646239085555788,1.0000000000000002,1,Tornado
202109100000,18.276010634370778,1.0,1,Hail
202109120000,15.858717695521223,1.0,1,Tornado
202109180000,18.941845394470445,1.0,1,Tornado
202109190000,18.312785591632036,1.0000000000000002,1,Hail
202109210000,14.963963939421658,1.0,1,Hail
202109220000,8.735370208862363,1.0,1,Tornado
202109270000,11.68314264521644,1.0,1,Tornado
202110030000,25.30911257788668,1.0,0,Thunderstorm Wind
202110060000,14.511560079178329,1.0,1,Tornado
202110060000,28.39769765497184,1.0,0,Hail
202110110000,17.221592278305707,1.0,1,Hail
202110220000,18.069615575861985,1.0,1,Thunderstorm Wind
202110250000,22.84665584574582,1.0,1,Tornado
202110280000,27.42025655746149,0.0,0,Tornado
202110280000,34.12405070074752,3.0000000000000004,0,Thunderstorm Wind
202111030000,32.65794773678652,1.0,0,Thunderstorm Wind
202111110000,18.156943188090782,1.0,1,Tornado
202111120000,21.316764892842034,1.0,1,Tornado
202112070000,22.831966420236803,1.0,1,Tornado
202112080000,20.52505406588003,1.0,1,Tornado
202112080000,22.441189944286574,1.0,1,Thunderstorm Wind
202112090000,18.251234398038786,1.0,1,Thunderstorm Wind
202112180000,26.080781338774404,1.0,0,Tornado
202112200000,6.714180420502716,1.0,1,Tornado
202112210000,13.878163950938164,1.0,1,Thunderstorm Wind
202112310000,17.28935421198891,1.0,1,Thunderstorm Wind
202201080000,27.33297011140036,1.0,0,Hail
202202170000,24.149304493917562,1.0,1,Hail
202202210000,9.74031202190536,1.0,1,Tornado
202203040000,22.447410110172235,1.0,1,Hail
202203090000,18.338650754378033,1.0,1,Tornado
202203090000,28.876610922598818,1.0,0,Thunderstorm Wind
202203110000,13.649144265477997,1.0,1,Tornado
202203160000,9.47105074151733,1.0,1,Tornado
202203170000,13.548549331540642,1.0,1,Hail
202203200000,22.8603850055546,1.0,1,Hail
202203260000,13.870260269184637,1.0,1,Thunderstorm Wind
202203300000,17.23017207715112,1.0,1,Hail
202204010000,17.87379782861658,1.0,1,Thunderstorm Wind
202204180000,22.751361114254454,1.0,1,Hail
202204180000,12.578040495332269,1.0,1,Thunderstorm Wind
202204190000,20.36150944561919,1.0,1,Hail
202204210000,11.316775140150154,0.0,1,Tornado
202204240000,21.586491575016783,1.0,1,Tornado
202204280000,11.360452165530171,0.0,1,Tornado
202205080000,15.341690281853401,1.0,1,Tornado
202205180000,5.622185427348489,1.0,1,Tornado
202206050000,7.511020891784315,0.0,1,Tornado
202206100000,33.46377409344741,1.0,0,Tornado
202206170000,25.198163672374324,1.0,0,Tornado
202206190000,8.877381966785853,1.0000000000000002,1,Tornado
202206210000,29.398757411035653,1.0,0,Tornado
202206250000,18.805214131565005,1.0,1,Tornado
202206260000,26.34754222947299,1.0,0,Tornado
202207080000,18.801932465825676,0.0,1,Tornado
202207090000,22.646113386582243,1.0,1,Tornado
202207110000,12.28779327248993,1.0,1,Hail
202207130000,27.209471362643686,1.0,0,Tornado
202207190000,10.959880392632835,1.0000000000000002,1,Tornado
202207190000,15.80887016109123,1.0,1,Hail
202207300000,4.254792747154018,1.0000000000000002,1,Hail
202208040000,19.172999206879513,1.0,1,Tornado
202208050000,25.0222601532527,0.0,0,Tornado
202208160000,23.366751007905265,1.0,1,Hail
202208180000,21.787835140918123,1.0,1,Tornado
202208210000,14.210596154967392,0.0,1,Tornado
202208220000,26.41004579068619,1.0,0,Tornado
202208230000,23.29032071077165,0.0,1,Tornado
202208240000,21.698090573548985,1.0,1,Tornado
202208290000,16.045506567545942,1.0,1,Tornado
202208300000,17.470840206874495,1.0,1,Hail
202209030000,18.966756808805364,1.0,1,Hail
202209040000,24.153180853241967,1.0,1,Tornado
202209050000,13.170588577859013,1.0,1,Thunderstorm Wind
202209090000,17.385214299299292,1.0,1,Tornado
202209100000,30.53918989345891,1.0,0,Thunderstorm Wind
202209120000,13.58153636899438,1.0,1,Hail
202209180000,20.812915669265276,1.0,1,Tornado
202209190000,18.98145529467096,1.0,1,Tornado
202209220000,23.96118930302518,0.0,1,Tornado
202209220000,31.134811478145252,1.0,0,Thunderstorm Wind
202209230000,20.301936235678856,1.0,1,Hail
202209280000,18.12273352259352,1.0,1,Tornado
202209290000,6.199259775021252,1.0000000000000002,1,Hail
202210010000,23.429301848835237,1.0000000000000002,1,Thunderstorm Wind
202210020000,6.004328977880074,1.0000000000000002,1,Thunderstorm Wind
202210030000,27.133984279031928,1.0000000000000002,0,Tornado
202210030000,27.097320326875533,1.0000000000000002,0,Hail
202210060000,14.233942053939147,1.0,1,Hail
202210080000,27.670084234378354,1.0000000000000002,0,Tornado
202210130000,9.13391592320987,0.0,1,Tornado
202210160000,27.869487226394728,1.0,0,Tornado
202210160000,25.408757816472065,1.0,0,Thunderstorm Wind
202210170000,19.627113568549884,1.0,1,Tornado
202210220000,24.0221104213476,1.0,1,Tornado
202210250000,23.24960569902143,1.0,1,Tornado
202210270000,12.506806826060416,1.0,1,Hail
202210270000,24.409719769758205,1.0,1,Thunderstorm Wind
202211020000,17.231308992228563,1.0,1,Hail
202211020000,20.020902609489116,1.0,1,Thunderstorm Wind
202211080000,23.720772784635873,1.0,1,Tornado
202211240000,9.180972843866991,1.0,1,Thunderstorm Wind
202211250000,26.314939193552295,1.0,0,Hail
202211260000,21.565459366370817,1.0,1,Tornado
202212100000,29.002114223397744,1.0,0,Hail
202212180000,1278.7191501492637,1.2086809693474718,0,Thunderstorm Wind
202212220000,26.900375691776386,1.0,0,Thunderstorm Wind
202212290000,8.011281735117239,1.0,1,Tornado
202212290000,10.088209066181397,1.0,1,Hail
202212300000,12.005329279663986,1.0,1,Tornado
202301010000,21.601712751612563,1.0,1,Thunderstorm Wind
202301040000,19.642269235045536,1.0,1,Hail
202301100000,16.64880351085885,1.0,1,Tornado
202301110000,23.636527264212805,1.0,1,Thunderstorm Wind
202301140000,25.523384564417654,1.0,0,Tornado
202301140000,22.2211392297487,1.0,1,Thunderstorm Wind
202301160000,26.887929728265714,1.0,0,Hail
202301210000,14.338337797077367,1.0,1,Tornado
202302070000,6.1825927687284,1.0,1,Hail
202302080000,14.430220665573923,1.0,1,Hail
202302090000,27.730716202116838,1.0,0,Tornado
202302130000,19.59220395894926,1.0,1,Thunderstorm Wind
202302190000,23.61271318027031,1.0,1,Thunderstorm Wind
202302210000,4.773096459612827,1.0,1,Tornado
202302230000,20.204889513124343,1.0000000000000002,1,Tornado
202303030000,21.754385285740128,1.0,1,Hail
202303090000,21.452513050614083,1.0,1,Hail
202303090000,11.101635501610735,1.0,1,Thunderstorm Wind
202303110000,13.811713764362368,1.0,1,Tornado
202303120000,32.43523889213947,1.0,0,Tornado
202303130000,34.28755649381963,1.0,0,Hail
202303150000,22.763524290926892,1.0,1,Thunderstorm Wind
202303210000,13.832154515261537,1.0,1,Tornado
202303210000,26.869455426676982,1.0000000000000002,0,Thunderstorm Wind
202303220000,22.796152877853622,1.0000000000000002,1,Tornado
202303270000,27.700687437800216,1.0,0,Tornado
202303280000,15.938401365485092,1.0,1,Hail
202303300000,26.280474918800113,1.0000000000000002,0,Thunderstorm Wind
202304070000,29.68247681604277,1.0,0,Hail
202304160000,24.86274598743724,1.0,1,Tornado
202304250000,15.70982634206882,0.0,1,Tornado
202304300000,7.039424933998367,1.0,1,Tornado
202305190000,13.604362303211282,1.0,1,Tornado
202305220000,23.802868620384796,0.0,1,Tornado
202305250000,2.9908855233312637,1.0,1,Tornado
202305300000,26.091496978525306,1.0,0,Tornado
202306030000,25.969246846747694,1.0,0,Tornado
202306120000,26.048843283602956,1.0,0,Tornado
202307040000,22.204728463518872,0.0,1,Tornado
202307080000,20.957345751067233,0.0,1,Tornado
202307090000,9.196080568484213,1.0,1,Tornado
202307150000,19.283270632379494,0.0,1,Tornado
202307210000,16.67388770547607,1.0,1,Tornado
202307240000,11.94088615394591,1.0,1,Tornado
202307310000,27.586175196880724,0.0,0,Tornado
202308010000,24.351943586443003,0.0,1,Tornado
202308140000,16.216184814319494,1.0,1,Hail
202308170000,29.84557026071882,1.0,0,Tornado
202308190000,21.407279429873274,1.0000000000000002,1,Thunderstorm Wind
202308200000,4.175136867242083,1.0,1,Thunderstorm Wind
202308210000,22.794867667549305,1.0,1,Hail
202308220000,18.338530256549223,1.0,1,Hail
202309020000,19.20482351318281,1.0,1,Tornado
202309020000,20.477106155766556,1.0,1,Hail
202309090000,8.072710297927463,1.0,1,Tornado
202309160000,21.676817479844967,0.0,1,Tornado
202309170000,22.079297736567398,1.0,1,Hail
202309170000,6.862268023347961,1.0,1,Thunderstorm Wind
202309210000,24.3416559612839,0.0,1,Tornado
202309220000,19.99526418625369,1.0,1,Thunderstorm Wind
202309280000,20.41545347140768,1.0,1,Tornado
202309280000,4.190223476190956,1.0,1,Thunderstorm Wind
202309290000,20.113903656764347,1.0,1,Tornado
202310010000,30.283859950177828,1.0,0,Tornado
202310260000,19.235791384838222,1.0,1,Thunderstorm Wind
202310280000,17.41790809913983,0.0,1,Tornado
202311050000,27.583324676273186,1.0,0,Tornado
202311150000,18.59150809982111,1.0,1,Thunderstorm Wind
202311180000,3.6004339631516853,1.0,1,Thunderstorm Wind
202311190000,20.00006321590879,1.0,1,Tornado
202311190000,28.66581484865298,1.0,0,Hail
